#,Player,Season,Team,Shoots,Pos,GP,G,A,P,+/-,PIM,P/GP,EVG,EVP,PPG,PPP,SHG,SHP,OTG,GWG,S,S%,TOI/GP,FOW%
1,Evgeni Malkin,2008-09,PIT,L,C,82,35,78,113,+17,80,1.38,19,70,14,41,2,2,2,4,290,12.1,22:31,42.4
2,Alex Ovechkin,2008-09,WSH,R,L,79,56,54,110,+8,72,1.39,36,63,19,46,1,1,2,10,528,10.6,23:00,25.0
3,Sidney Crosby,2008-09,PIT,L,C,77,33,70,103,+3,76,1.34,26,62,7,40,0,1,1,3,238,13.9,21:57,51.3
4,Pavel Datsyuk,2008-09,DET,L,C,81,32,65,97,+34,22,1.20,20,59,11,36,1,2,0,3,248,12.9,19:13,56.0
5,Zach Parise,2008-09,NJD,L,L,82,45,49,94,+30,24,1.15,31,61,14,30,0,3,3,8,364,12.4,18:45,44.6
6,Ilya Kovalchuk,2008-09,ATL,R,L,79,43,48,91,-12,50,1.15,31,54,12,36,0,1,1,6,275,15.6,21:48,35.7
7,Ryan Getzlaf,2008-09,ANA,R,C,81,25,66,91,+5,121,1.12,16,54,9,37,0,0,0,2,227,11.0,20:08,50.2
8,Jarome Iginla,2008-09,CGY,R,R,82,35,54,89,-2,37,1.09,25,57,10,32,0,0,0,4,289,12.1,21:37,52.5
9,Marc Savard,2008-09,BOS,L,C,82,25,63,88,+25,70,1.07,16,56,9,30,0,2,0,5,213,11.7,19:32,49.9
10,Nicklas Backstrom,2008-09,WSH,L,C,82,22,66,88,+16,46,1.07,8,46,14,42,0,0,0,1,174,12.6,19:57,48.7
11,Joe Thornton,2008-09,SJS,L,C,82,25,61,86,+16,56,1.05,14,51,11,35,0,0,1,3,139,18.0,19:28,55.4
12,Jeff Carter,2008-09,PHI,R,C,82,46,38,84,+23,68,1.02,29,56,13,24,4,4,3,12,342,13.5,20:57,48.3
13,Michael Cammalleri,2008-09,CGY,L,L,81,39,43,82,-2,44,1.01,20,48,19,34,0,0,1,6,255,15.3,17:33,60.3
14,Daniel Sedin,2008-09,VAN,L,L,82,31,51,82,+24,36,1.00,22,58,9,24,0,0,0,7,285,10.9,18:48,40.0
15,Henrik Sedin,2008-09,VAN,L,C,82,22,60,82,+22,48,1.00,18,56,4,26,0,0,2,8,143,15.4,19:31,49.6
16,Martin St. Louis,2008-09,TBL,L,R,82,30,50,80,+4,14,0.98,21,52,7,25,2,3,1,3,262,11.5,21:17,46.7
17,Mike Richards,2008-09,PHI,L,C,79,30,50,80,+22,63,1.01,15,38,8,33,7,9,2,4,238,12.6,21:44,49.0
18,Rick Nash,2008-09,CBJ,L,L,78,40,39,79,+11,52,1.01,29,54,6,19,5,6,2,5,263,15.2,21:10,27.8
19,Alexander Semin,2008-09,WSH,R,R,62,34,45,79,+25,77,1.27,26,47,8,30,0,2,2,8,223,15.3,19:14,50.0
20,Patrik Elias,2008-09,NJD,L,C,77,31,47,78,+18,32,1.01,17,42,12,31,2,5,1,6,247,12.6,18:34,29.9
21,Mike Ribeiro,2008-09,DAL,L,C,82,22,56,78,-4,52,0.95,15,55,7,23,0,0,0,1,163,13.5,20:57,45.5
22,Martin Havlat,2008-09,CHI,L,R,81,29,48,77,+29,30,0.95,24,63,5,14,0,0,2,5,249,11.7,17:25,25.0
23,Ray Whitney,2008-09,CAR,R,L,82,24,53,77,+2,32,0.94,17,47,7,30,0,0,1,2,219,11.0,18:25,50.0
24,Vyacheslav Kozlov,2008-09,ATL,L,L,82,26,50,76,-14,44,0.93,14,33,12,43,0,0,0,3,165,15.8,17:14,37.5
25,Eric Staal,2008-09,CAR,L,C,82,40,35,75,+15,50,0.91,25,49,14,24,1,2,1,8,372,10.8,21:03,45.3
26,Simon Gagne,2008-09,PHI,L,L,79,34,40,74,+21,42,0.94,18,41,12,25,4,8,0,3,221,15.4,19:01,30.0
27,Daniel Alfredsson,2008-09,OTT,R,R,79,24,50,74,+7,24,0.94,15,42,8,28,1,4,0,3,204,11.8,20:53,23.5
28,Jason Spezza,2008-09,OTT,R,C,82,32,41,73,-14,79,0.89,18,41,13,31,1,1,0,3,246,13.0,19:41,53.3
29,Shane Doan,2008-09,PHX,R,R,82,31,42,73,+5,72,0.89,21,46,10,25,0,2,0,4,230,13.5,20:15,44.2
30,Henrik Zetterberg,2008-09,DET,L,C,77,31,42,73,+13,36,0.95,17,41,12,30,2,2,0,5,309,10.0,19:53,53.3
31,Mike Green,2008-09,WSH,R,D,68,31,42,73,+24,68,1.07,12,34,18,38,1,1,0,4,243,12.8,25:46,--
32,Todd White,2008-09,ATL,L,C,82,22,51,73,-9,24,0.89,9,38,12,34,1,1,0,0,150,14.7,18:04,50.6
33,David Krejci,2008-09,BOS,R,C,82,22,51,73,+37,26,0.89,15,50,5,19,2,4,1,6,146,15.1,16:52,50.3
34,Dany Heatley,2008-09,OTT,L,L,82,39,33,72,-11,88,0.88,24,46,15,26,0,0,0,6,258,15.1,20:07,46.7
35,Brad Boyes,2008-09,STL,R,R,82,33,39,72,-20,26,0.88,17,37,16,35,0,0,1,11,220,15.0,19:08,49.2
36,Corey Perry,2008-09,ANA,R,R,78,32,40,72,+10,109,0.92,22,48,10,24,0,0,0,8,283,11.3,18:36,29.0
37,Marian Hossa,2008-09,DET,L,R,74,40,31,71,+27,63,0.96,30,47,10,23,0,1,1,8,307,13.0,17:48,21.1
38,Patrick Marleau,2008-09,SJS,L,C,76,38,33,71,+16,18,0.93,22,46,11,18,5,7,1,10,251,15.1,21:21,52.5
39,Derek Roy,2008-09,BUF,L,C,82,28,42,70,-5,38,0.85,18,39,9,30,1,1,1,9,221,12.7,21:12,50.7
40,Patrick Kane,2008-09,CHI,L,R,80,25,45,70,-2,42,0.88,12,35,13,35,0,0,0,4,254,9.8,18:40,41.9
41,Jonathan Toews,2008-09,CHI,L,C,82,34,35,69,+12,51,0.84,22,47,12,22,0,0,0,7,195,17.4,18:38,54.7
42,Jamie Langenbrunner,2008-09,NJD,R,R,81,29,40,69,+25,56,0.85,20,49,6,17,3,3,2,7,229,12.7,18:06,40.0
43,Vincent Lecavalier,2008-09,TBL,L,C,77,29,38,67,-9,54,0.87,18,41,10,24,1,2,1,6,291,10.0,20:15,50.9
44,Mikko Koivu,2008-09,MIN,L,C,79,20,47,67,+2,66,0.85,11,35,5,26,4,6,1,3,236,8.5,21:29,52.7
45,Anze Kopitar,2008-09,LAK,L,C,82,27,39,66,-17,32,0.80,19,42,7,23,1,1,0,3,234,11.5,20:27,49.5
46,Ales Hemsky,2008-09,EDM,R,R,72,23,43,66,+1,32,0.92,19,35,4,31,0,0,0,2,185,12.4,18:39,0.0
47,Jason Pominville,2008-09,BUF,R,R,82,20,46,66,-4,18,0.80,13,41,6,24,1,1,1,2,239,8.4,19:46,37.3
48,Devin Setoguchi,2008-09,SJS,R,R,81,31,34,65,+16,25,0.80,20,42,11,23,0,0,0,3,246,12.6,16:13,28.6
49,Alex Kovalev,2008-09,MTL,L,R,78,26,39,65,-5,74,0.83,14,31,11,32,1,2,1,4,209,12.4,19:26,32.0
50,J-P Dumont,2008-09,NSH,L,R,82,16,49,65,+1,20,0.79,11,43,5,22,0,0,0,4,176,9.1,17:30,50.0
51,Thomas Vanek,2008-09,BUF,R,L,73,40,24,64,-1,44,0.88,18,36,20,26,2,2,0,5,211,19.0,17:12,16.7
52,Andrei Markov,2008-09,MTL,L,D,78,12,52,64,-2,36,0.82,5,24,7,39,0,1,0,3,165,7.3,24:38,--
53,Loui Eriksson,2008-09,DAL,L,L,82,36,27,63,+14,14,0.77,28,50,7,12,1,1,1,4,178,20.2,19:50,18.2
54,Jason Blake,2008-09,TOR,L,L,78,25,38,63,-2,40,0.81,19,43,5,18,1,2,0,5,302,8.3,18:21,46.8
55,Travis Zajac,2008-09,NJD,R,C,82,20,42,62,+33,29,0.76,14,43,5,15,1,4,0,2,185,10.8,18:39,53.1
56,Mark Recchi,2008-09,"TBL,BOS",L,R,80,23,38,61,-18,22,0.76,17,34,6,27,0,0,1,3,129,17.8,16:46,42.9
57,Alexei Ponikarovsky,2008-09,TOR,L,L,82,23,38,61,+6,38,0.74,18,48,5,13,0,0,0,3,185,12.4,15:47,54.6
58,Stephen Weiss,2008-09,FLA,L,C,78,14,47,61,+19,22,0.78,9,39,4,21,1,1,1,4,154,9.1,17:48,50.9
59,Phil Kessel,2008-09,BOS,R,R,70,36,24,60,+23,16,0.86,28,45,8,15,0,0,0,6,232,15.5,16:34,48.3
60,David Booth,2008-09,FLA,L,L,72,31,29,60,+10,38,0.83,20,43,11,16,0,1,1,5,246,12.6,17:05,41.2
61,Scott Hartnell,2008-09,PHI,L,L,82,30,30,60,+14,143,0.73,23,46,6,13,1,1,0,5,210,14.3,17:48,50.0
62,Brian Gionta,2008-09,NJD,R,R,81,20,40,60,+12,32,0.74,14,45,3,11,3,4,0,1,248,8.1,16:58,38.6
63,Johan Franzen,2008-09,DET,L,R,71,34,25,59,+21,44,0.83,22,39,11,19,1,1,1,8,246,13.8,18:06,56.0
64,Alex Frolov,2008-09,LAK,R,L,77,32,27,59,-6,30,0.77,19,32,12,25,1,2,0,1,176,18.2,19:55,45.5
65,Nik Antropov,2008-09,"TOR,NYR",L,C,81,28,31,59,-14,30,0.73,20,41,8,17,0,1,0,4,224,12.5,17:11,40.2
66,Milan Hejduk,2008-09,COL,R,R,82,27,32,59,-19,16,0.72,16,39,10,19,1,1,0,2,211,12.8,19:56,45.0
67,Ryan Smyth,2008-09,COL,L,L,77,26,33,59,-15,62,0.77,15,38,10,20,1,1,0,3,257,10.1,20:17,51.2
68,Ryan Kesler,2008-09,VAN,R,C,82,26,33,59,+8,61,0.72,14,37,10,18,2,4,0,2,179,14.5,19:28,54.0
69,Joe Pavelski,2008-09,SJS,R,C,80,25,34,59,+5,46,0.74,14,32,8,23,3,4,0,3,266,9.4,18:58,56.3
70,Nicklas Lidstrom,2008-09,DET,L,D,78,16,43,59,+31,30,0.76,6,25,10,33,0,1,1,4,180,8.9,24:49,--
71,Scott Niedermayer,2008-09,ANA,L,D,82,14,45,59,-8,70,0.72,5,23,9,32,0,4,2,2,178,7.9,26:55,0.0
72,Brian Rafalski,2008-09,DET,R,D,78,10,49,59,+17,20,0.76,5,31,5,28,0,0,0,1,141,7.1,23:10,--
73,Nikolay Zherdev,2008-09,NYR,R,R,82,23,35,58,+6,39,0.71,18,46,4,11,1,1,0,3,219,10.5,16:50,9.1
74,Scott Gomez,2008-09,NYR,L,C,77,16,42,58,-2,60,0.75,12,40,3,17,1,1,1,7,271,5.9,21:04,52.4
75,Jason Arnott,2008-09,NSH,R,C,65,33,24,57,+2,49,0.88,24,40,9,17,0,0,1,5,196,16.8,18:55,50.6
76,Bobby Ryan,2008-09,ANA,R,R,64,31,26,57,+13,33,0.89,19,34,12,23,0,0,0,3,174,17.8,15:26,46.2
77,Olli Jokinen,2008-09,"PHX,CGY",L,C,76,29,28,57,-12,67,0.75,18,35,9,20,2,2,0,3,236,12.3,18:53,43.4
78,Jiri Hudler,2008-09,DET,L,R,82,23,34,57,+7,16,0.70,17,29,6,28,0,0,0,2,155,14.8,13:39,44.8
79,Milan Michalek,2008-09,SJS,L,L,77,23,34,57,+11,52,0.74,17,36,6,19,0,2,0,6,179,12.9,18:27,46.7
80,Dan Boyle,2008-09,SJS,R,D,77,16,41,57,+6,52,0.74,8,24,8,32,0,1,1,4,213,7.5,24:46,0.0
81,Chris Drury,2008-09,NYR,R,C,81,22,34,56,-8,32,0.69,11,34,10,20,1,2,1,2,219,10.1,20:15,51.0
82,Kristian Huselius,2008-09,CBJ,L,L,74,21,35,56,+1,44,0.76,16,42,5,14,0,0,0,2,212,9.9,19:31,28.9
83,Mark Streit,2008-09,NYI,L,D,74,16,40,56,+5,62,0.76,5,25,10,29,1,2,0,1,150,10.7,25:13,--
84,Matt Stajan,2008-09,TOR,L,C,76,15,40,55,-4,54,0.72,9,41,5,11,1,3,0,1,114,13.2,16:56,51.4
85,David Backes,2008-09,STL,R,R,82,31,23,54,-3,165,0.66,23,40,6,11,2,3,0,1,208,14.9,17:41,44.4
86,Teemu Selanne,2008-09,ANA,R,R,65,27,27,54,-3,36,0.83,11,26,16,28,0,0,1,5,186,14.5,16:29,49.1
87,Tuomo Ruutu,2008-09,CAR,L,L,79,26,28,54,0,79,0.68,16,37,10,17,0,0,1,4,190,13.7,18:19,51.4
88,Michael Ryder,2008-09,BOS,R,R,74,27,26,53,+28,26,0.72,17,36,10,17,0,0,0,7,185,14.6,14:55,46.7
89,Dustin Brown,2008-09,LAK,R,R,80,24,29,53,-15,64,0.66,17,35,7,18,0,0,1,6,292,8.2,19:24,46.3
90,Sheldon Souray,2008-09,EDM,L,D,81,23,30,53,+1,98,0.65,10,29,12,23,1,1,0,5,268,8.6,24:51,--
91,Brooks Laich,2008-09,WSH,L,C,82,23,30,53,-1,31,0.65,13,27,9,24,1,2,0,3,185,12.4,17:17,51.1
92,Chris Kunitz,2008-09,"ANA,PIT",L,L,82,23,30,53,+12,71,0.65,17,40,6,12,0,1,0,3,178,12.9,16:26,48.2
93,Shea Weber,2008-09,NSH,R,D,81,23,30,53,+1,80,0.65,12,32,10,19,1,2,1,4,251,9.2,23:58,--
94,Kris Versteeg,2008-09,CHI,R,R,78,22,31,53,+15,55,0.68,12,30,6,16,4,7,1,3,139,15.8,17:02,46.6
95,Pavol Demitra,2008-09,VAN,L,R,69,20,33,53,+6,20,0.77,16,37,4,16,0,0,1,1,143,14.0,17:29,54.6
96,Shawn Horcoff,2008-09,EDM,L,C,80,17,36,53,+7,39,0.66,9,32,8,21,0,0,0,2,178,9.6,21:22,53.9
97,Ryane Clowe,2008-09,SJS,L,L,71,22,30,52,+8,51,0.73,11,28,11,24,0,0,0,1,161,13.7,17:47,40.8
98,Brian Campbell,2008-09,CHI,L,D,82,7,45,52,+5,22,0.63,3,28,4,24,0,0,0,1,108,6.5,22:34,--
99,Bryan Little,2008-09,ATL,R,C,79,31,20,51,-5,24,0.65,19,31,12,20,0,0,0,4,172,18.0,16:55,43.5
100,Alexandre Burrows,2008-09,VAN,L,R,82,28,23,51,+23,150,0.62,24,46,0,0,4,5,1,3,175,16.0,16:51,46.3
101,Rod Brind'Amour,2008-09,CAR,L,C,80,16,35,51,-23,36,0.64,9,25,6,24,1,2,0,1,135,11.9,18:58,61.0
102,Niklas Kronwall,2008-09,DET,L,D,80,6,45,51,+2,50,0.64,2,28,4,22,0,1,0,1,121,5.0,22:54,100.0
103,Joffrey Lupul,2008-09,PHI,R,L,79,25,25,50,+1,58,0.63,19,35,6,15,0,0,0,4,194,12.9,15:41,47.6
104,Andrew Brunette,2008-09,MIN,L,L,80,22,28,50,-5,18,0.63,13,32,9,18,0,0,0,3,118,18.6,16:57,22.2
105,Zdeno Chara,2008-09,BOS,L,D,80,19,31,50,+23,95,0.63,8,20,11,28,0,2,0,3,216,8.8,26:04,25.0
106,Martin Erat,2008-09,NSH,L,R,71,17,33,50,-7,48,0.70,14,32,3,16,0,2,0,3,149,11.4,18:34,29.0
107,Saku Koivu,2008-09,MTL,L,C,65,16,34,50,+4,44,0.77,11,31,5,17,0,2,2,5,123,13.0,17:03,54.1
108,David Perron,2008-09,STL,R,L,81,15,35,50,+13,50,0.62,11,35,4,15,0,0,0,3,161,9.3,14:32,16.7
109,Dennis Wideman,2008-09,BOS,R,D,79,13,37,50,+32,34,0.63,6,24,6,25,1,1,1,2,169,7.7,24:39,--
110,Keith Tkachuk,2008-09,STL,L,L,79,25,24,49,-11,61,0.62,11,28,14,21,0,0,1,4,185,13.5,16:57,51.4
111,Jordan Staal,2008-09,PIT,L,C,82,22,27,49,+5,37,0.60,19,39,2,6,1,4,0,3,166,13.3,19:51,47.0
112,Daymond Langkow,2008-09,CGY,L,C,73,21,28,49,+1,20,0.67,17,33,4,16,0,0,0,3,161,13.0,17:11,46.9
113,Cory Stillman,2008-09,FLA,L,L,63,17,32,49,+1,37,0.78,9,28,8,21,0,0,0,2,115,14.8,16:35,36.7
114,Andrew Ladd,2008-09,CHI,L,L,82,15,34,49,+26,28,0.60,15,47,0,1,0,1,0,2,195,7.7,14:24,23.8
115,Bill Guerin,2008-09,"NYI,PIT",R,R,78,21,27,48,-12,81,0.62,16,30,5,18,0,0,0,4,226,9.3,16:40,46.9
116,Mikhail Grabovski,2008-09,TOR,L,C,78,20,28,48,-8,92,0.62,14,33,6,15,0,0,1,2,120,16.7,16:13,44.5
117,Sergei Samsonov,2008-09,CAR,R,L,81,16,32,48,-8,28,0.59,13,29,3,19,0,0,1,3,155,10.3,17:19,57.1
118,Brad Richards,2008-09,DAL,L,C,56,16,32,48,-4,6,0.86,11,27,5,19,0,2,0,2,180,8.9,20:29,50.6
119,Craig Conroy,2008-09,CGY,R,C,82,12,36,48,+20,28,0.59,11,46,0,0,1,2,0,1,104,11.5,15:22,52.8
120,Chris Pronger,2008-09,ANA,L,D,82,11,37,48,0,88,0.59,7,19,4,28,0,1,1,2,196,5.6,26:56,28.6
121,Mike Knuble,2008-09,PHI,R,R,82,27,20,47,+5,62,0.57,16,26,11,20,0,1,0,6,173,15.6,18:10,35.3
122,Patrik Berglund,2008-09,STL,L,C,76,21,26,47,+19,16,0.62,14,25,7,22,0,0,0,1,143,14.7,14:43,39.8
123,Jason Williams,2008-09,"ATL,CBJ",R,C,80,19,28,47,-4,24,0.59,12,33,7,14,0,0,1,4,153,12.4,15:51,46.0
124,Dave Bolland,2008-09,CHI,R,C,81,19,28,47,+19,52,0.58,15,40,2,3,2,4,1,4,111,17.1,16:27,44.4
125,Tim Connolly,2008-09,BUF,R,C,48,18,29,47,+12,22,0.98,12,28,5,18,1,1,0,5,126,14.3,19:07,42.1
126,Dion Phaneuf,2008-09,CGY,L,D,80,11,36,47,-11,100,0.59,7,26,4,21,0,0,0,4,277,4.0,26:32,--
127,R.J. Umberger,2008-09,CBJ,L,C,82,26,20,46,-10,53,0.56,17,34,9,11,0,1,1,2,234,11.1,18:46,48.0
128,Petr Sykora,2008-09,PIT,L,R,76,25,21,46,+3,36,0.61,12,27,13,19,0,0,0,10,180,13.9,16:17,41.7
129,Markus Naslund,2008-09,NYR,L,L,82,24,22,46,-10,57,0.56,16,32,8,14,0,0,0,0,215,11.2,17:11,50.0
130,Steven Stamkos,2008-09,TBL,R,C,79,23,23,46,-13,39,0.58,14,29,9,17,0,0,0,1,181,12.7,14:56,45.4
131,Steve Ott,2008-09,DAL,L,C,64,19,27,46,+3,135,0.72,14,34,5,12,0,0,0,0,132,14.4,17:35,46.5
132,Pierre-Marc Bouchard,2008-09,MIN,L,C,71,16,30,46,-5,20,0.65,14,30,2,16,0,0,0,1,142,11.3,16:59,57.9
133,Mike Modano,2008-09,DAL,L,C,80,15,31,46,-13,46,0.58,11,28,4,18,0,0,1,4,197,7.6,18:18,52.5
134,Matthew Lombardi,2008-09,"CGY,PHX",L,C,69,14,32,46,+13,44,0.67,12,37,1,8,1,1,0,2,177,7.9,17:41,52.0
135,Ryan Malone,2008-09,TBL,L,L,70,26,19,45,+4,98,0.64,19,34,7,11,0,0,0,3,124,21.0,17:45,29.8
136,Owen Nolan,2008-09,MIN,R,R,59,25,20,45,+5,26,0.76,13,28,12,17,0,0,0,5,148,16.9,16:24,46.6
137,Nathan Horton,2008-09,FLA,R,R,67,22,23,45,-5,48,0.67,16,30,5,14,1,1,0,5,131,16.8,17:51,43.7
138,Blake Wheeler,2008-09,BOS,R,R,81,21,24,45,+36,46,0.56,16,37,3,5,2,3,0,3,150,14.0,13:41,38.2
139,Michael Frolik,2008-09,FLA,L,R,79,21,24,45,+10,22,0.57,20,33,1,12,0,0,0,2,158,13.3,14:48,40.3
140,Drew Stafford,2008-09,BUF,R,R,79,20,25,45,+3,29,0.57,11,28,9,17,0,0,0,0,183,10.9,15:38,20.0
141,Vinny Prospal,2008-09,TBL,L,L,82,19,26,45,-20,52,0.55,12,30,7,15,0,0,0,2,194,9.8,17:41,53.0
142,Dominic Moore,2008-09,"TOR,BUF",L,C,81,13,32,45,-2,92,0.56,8,35,4,9,1,1,0,1,165,7.9,16:50,54.1
143,Rob Blake,2008-09,SJS,R,D,73,10,35,45,+15,110,0.62,4,23,6,22,0,0,0,1,198,5.1,21:16,--
144,Jaroslav Spacek,2008-09,BUF,L,D,80,8,37,45,+2,38,0.56,4,23,4,22,0,0,0,0,130,6.2,22:17,--
145,Ryan Suter,2008-09,NSH,L,D,82,7,38,45,-16,73,0.55,4,27,3,18,0,0,1,3,143,4.9,24:16,--
146,Tom Gilbert,2008-09,EDM,R,D,82,5,40,45,+6,26,0.55,3,28,2,16,0,1,0,1,107,4.7,21:58,--
147,Patrick Sharp,2008-09,CHI,R,L,61,26,18,44,+6,41,0.72,17,25,9,18,0,1,0,4,184,14.1,17:57,45.8
148,Todd Bertuzzi,2008-09,CGY,L,R,66,15,29,44,-13,74,0.67,9,28,6,16,0,0,1,4,127,11.8,18:36,46.7
149,Andy McDonald,2008-09,STL,L,C,46,15,29,44,-13,24,0.96,8,24,6,19,1,1,1,1,128,11.7,19:05,58.0
150,Antti Miettinen,2008-09,MIN,R,R,82,15,29,44,-1,32,0.54,9,28,4,13,2,3,0,3,186,8.1,18:17,46.7
151,Rich Peverley,2008-09,"NSH,ATL",R,C,66,15,29,44,+13,33,0.67,12,35,2,7,1,2,1,5,117,12.8,16:05,51.8
152,Lee Stempniak,2008-09,"STL,TOR",R,R,75,14,30,44,-12,33,0.59,11,30,3,13,0,1,1,1,171,8.2,16:32,30.8
153,Duncan Keith,2008-09,CHI,L,D,77,8,36,44,+33,60,0.57,5,32,2,11,1,1,1,1,173,4.6,25:34,--
154,Matt Cullen,2008-09,CAR,L,C,69,22,21,43,+11,20,0.62,16,31,4,7,2,5,0,2,139,15.8,16:48,51.7
155,Ales Kotalik,2008-09,"BUF,EDM",R,R,75,20,23,43,-5,34,0.57,11,22,9,21,0,0,0,1,208,9.6,15:27,42.4
156,Patrick O'Sullivan,2008-09,"LAK,EDM",L,C,81,16,27,43,-6,28,0.53,13,33,2,9,1,1,0,1,259,6.2,19:09,41.4
157,Kevin Bieksa,2008-09,VAN,R,D,72,11,32,43,-4,97,0.60,6,16,5,25,0,2,0,2,153,7.2,23:29,--
158,Kimmo Timonen,2008-09,PHI,L,D,77,3,40,43,+19,54,0.56,1,14,2,28,0,1,0,0,104,2.9,24:31,0.0
159,Niklas Hagman,2008-09,TOR,L,L,65,22,20,42,-5,4,0.65,16,29,6,13,0,0,1,3,168,13.1,17:05,0.0
160,Chuck Kobasew,2008-09,BOS,R,R,68,21,21,42,+5,56,0.62,15,33,6,9,0,0,0,3,129,16.3,14:41,23.1
161,David Legwand,2008-09,NSH,L,C,73,20,22,42,-3,32,0.58,16,31,1,7,3,4,0,1,175,11.4,19:27,49.8
162,Michal Handzus,2008-09,LAK,L,C,82,18,24,42,-7,32,0.51,10,24,7,16,1,2,2,4,143,12.6,18:54,54.5
163,Erik Cole,2008-09,"EDM,CAR",L,L,80,18,24,42,0,73,0.53,13,33,5,9,0,0,0,1,178,10.1,17:37,40.8
164,Milan Lucic,2008-09,BOS,L,L,72,17,25,42,+17,136,0.58,15,34,2,8,0,0,0,3,97,17.5,14:57,60.0
165,Jay Bouwmeester,2008-09,FLA,L,D,82,15,27,42,-2,68,0.51,6,21,9,20,0,1,0,2,182,8.2,26:59,--
166,Wojtek Wolski,2008-09,COL,L,L,78,14,28,42,-13,28,0.54,11,30,2,11,1,1,1,3,169,8.3,18:23,48.2
167,Marek Zidlicky,2008-09,MIN,R,D,76,12,30,42,-12,76,0.55,2,17,10,25,0,0,0,3,147,8.2,22:07,--
168,Christian Ehrhoff,2008-09,SJS,L,D,77,8,34,42,-12,63,0.55,3,17,5,25,0,0,1,2,165,4.9,21:14,--
169,Andrei Kostitsyn,2008-09,MTL,L,L,74,23,18,41,-7,50,0.55,17,26,6,15,0,0,0,2,169,13.6,15:35,50.0
170,Jarret Stoll,2008-09,LAK,R,C,74,18,23,41,-7,68,0.55,8,19,10,22,0,0,0,1,155,11.6,17:05,57.2
171,Alex Tanguay,2008-09,MTL,L,L,50,16,25,41,+13,34,0.82,11,25,5,16,0,0,0,3,76,21.1,16:05,33.3
172,Antoine Vermette,2008-09,"OTT,CBJ",L,C,79,16,25,41,-7,50,0.52,12,28,3,12,1,1,1,1,174,9.2,18:22,57.7
173,Sam Gagner,2008-09,EDM,R,C,76,16,25,41,-1,51,0.54,10,30,6,11,0,0,0,1,156,10.3,16:46,42.0
174,Steve Reinprecht,2008-09,PHX,L,C,73,14,27,41,0,20,0.56,11,34,3,7,0,0,0,3,95,14.7,15:54,46.3
175,Viktor Kozlov,2008-09,WSH,R,C,67,13,28,41,-9,16,0.61,11,26,2,15,0,0,0,0,153,8.5,15:40,30.3
176,Brandon Dubinsky,2008-09,NYR,L,C,82,13,28,41,-6,112,0.50,9,31,3,8,1,2,0,7,188,6.9,16:38,53.6
177,Colby Armstrong,2008-09,ATL,R,R,82,22,18,40,+5,75,0.49,19,36,3,4,0,0,0,2,141,15.6,15:09,28.6
178,Ryan Callahan,2008-09,NYR,R,R,81,22,18,40,+7,45,0.49,19,35,2,4,1,1,0,1,237,9.3,17:04,70.0
179,Rene Bourque,2008-09,CGY,L,R,58,21,19,40,+18,70,0.69,20,38,0,1,1,1,0,0,149,14.1,16:05,50.0
180,Mikael Samuelsson,2008-09,DET,R,R,81,19,21,40,0,50,0.49,12,20,7,20,0,0,0,1,257,7.4,15:22,25.0
181,Dainius Zubrus,2008-09,NJD,L,C,82,15,25,40,+6,69,0.49,14,29,1,11,0,0,0,3,130,11.5,15:16,51.3
182,Pavel Kubina,2008-09,TOR,R,D,82,14,26,40,-15,94,0.49,5,18,9,22,0,0,2,4,184,7.6,22:03,--
183,Daniel Cleary,2008-09,DET,L,R,74,14,26,40,0,46,0.54,11,34,3,6,0,0,0,3,163,8.6,16:56,55.4
184,Curtis Glencross,2008-09,CGY,L,L,74,13,27,40,+14,42,0.54,11,34,1,5,1,1,0,3,152,8.6,14:41,48.4
185,Valtteri Filppula,2008-09,DET,L,C,80,12,28,40,+9,42,0.50,11,36,1,4,0,0,0,1,129,9.3,16:06,52.1
186,Cam Barker,2008-09,CHI,L,D,68,6,34,40,-6,65,0.59,1,10,5,29,0,1,0,1,101,5.9,18:20,0.0
187,Filip Kuba,2008-09,OTT,L,D,71,3,37,40,+4,28,0.56,1,14,2,26,0,0,0,0,111,2.7,23:17,--
188,Tomas Plekanec,2008-09,MTL,L,C,80,20,19,39,-9,54,0.49,11,24,6,12,3,3,0,2,202,9.9,17:15,50.6
189,David Moss,2008-09,CGY,R,R,81,20,19,39,-5,22,0.48,12,27,8,11,0,1,0,4,194,10.3,13:36,50.0
190,Robert Lang,2008-09,MTL,R,C,50,18,21,39,+6,36,0.78,9,20,8,17,1,2,0,3,101,17.8,16:53,48.8
191,Kyle Okposo,2008-09,NYI,R,R,65,18,21,39,-6,36,0.60,9,25,9,13,0,1,1,3,165,10.9,18:01,33.3
192,Ruslan Fedotenko,2008-09,PIT,L,L,65,16,23,39,+18,44,0.60,15,35,1,4,0,0,1,3,117,13.7,14:06,22.2
193,Bryan McCabe,2008-09,FLA,L,D,69,15,24,39,-1,41,0.57,7,20,8,19,0,0,1,3,153,9.8,23:08,--
194,T.J. Oshie,2008-09,STL,R,R,57,14,25,39,+16,30,0.68,7,22,6,13,1,4,0,1,101,13.9,16:35,43.1
195,John-Michael Liles,2008-09,COL,L,D,75,12,27,39,-19,31,0.52,6,18,6,21,0,0,1,1,146,8.2,21:33,--
196,Patrice Bergeron,2008-09,BOS,R,C,64,8,31,39,+2,16,0.61,6,22,1,14,1,3,0,1,155,5.2,17:59,54.5
197,Denis Grebeshkov,2008-09,EDM,L,D,72,7,32,39,+12,38,0.54,5,26,2,13,0,0,0,0,62,11.3,21:10,--
198,Ron Hainsey,2008-09,ATL,L,D,81,6,33,39,-16,32,0.48,2,21,4,18,0,0,0,0,148,4.1,22:22,--
199,Andrew Cogliano,2008-09,EDM,L,C,82,18,20,38,-6,22,0.46,14,29,4,9,0,0,0,4,116,15.5,14:24,37.2
200,Joe Corvo,2008-09,CAR,R,D,81,14,24,38,-1,18,0.47,5,15,8,22,1,1,1,6,213,6.6,24:19,--
201,Doug Weight,2008-09,NYI,L,C,53,10,28,38,-15,55,0.72,5,16,5,21,0,1,0,0,96,10.4,18:17,45.1
202,Jakub Voracek,2008-09,CBJ,L,R,80,9,29,38,+11,44,0.48,9,34,0,4,0,0,0,1,101,8.9,12:40,0.0
203,Kyle Quincey,2008-09,LAK,L,D,72,4,34,38,-5,63,0.53,2,10,2,27,0,1,0,2,150,2.7,20:59,--
204,James Neal,2008-09,DAL,L,L,77,24,13,37,-11,51,0.48,15,27,9,10,0,0,0,2,171,14.0,15:52,35.5
205,Tomas Fleischmann,2008-09,WSH,L,L,73,19,18,37,-3,20,0.51,12,26,7,11,0,0,0,4,131,14.5,15:05,26.5
206,Dustin Penner,2008-09,EDM,L,L,78,17,20,37,+7,61,0.47,12,26,5,11,0,0,0,5,137,12.4,15:23,47.4
207,Tomas Holmstrom,2008-09,DET,L,L,53,14,23,37,+18,38,0.70,6,25,8,12,0,0,0,1,75,18.7,15:16,37.5
208,Alexander Edler,2008-09,VAN,L,D,80,10,27,37,+11,54,0.46,5,16,5,21,0,0,0,1,145,6.9,21:08,100.0
209,Miroslav Satan,2008-09,PIT,L,R,65,17,19,36,+3,36,0.55,11,25,6,11,0,0,0,2,120,14.2,15:45,41.7
210,Radek Dvorak,2008-09,FLA,R,R,81,15,21,36,0,42,0.44,11,32,0,0,4,4,0,3,136,11.0,16:26,35.3
211,Eric Belanger,2008-09,MIN,L,C,79,13,23,36,-5,26,0.46,9,21,4,13,0,2,0,4,147,8.8,17:50,52.0
212,Peter Mueller,2008-09,PHX,R,C,72,13,23,36,-7,24,0.50,8,25,5,11,0,0,0,4,138,9.4,16:05,44.6
213,Paul Stastny,2008-09,COL,L,C,45,11,25,36,-9,22,0.80,4,17,7,19,0,0,0,2,118,9.3,21:14,51.8
214,Ed Jovanovski,2008-09,PHX,L,D,82,9,27,36,-15,106,0.44,3,18,6,18,0,0,0,3,194,4.6,22:10,0.0
215,Marc-Edouard Vlasic,2008-09,SJS,L,D,82,6,30,36,+15,42,0.44,3,14,3,21,0,1,0,1,104,5.8,23:54,--
216,Joel Ward,2008-09,NSH,R,R,79,17,18,35,+1,29,0.44,12,28,3,4,2,3,0,2,133,12.8,16:01,43.5
217,Anton Babchuk,2008-09,CAR,R,D,72,16,19,35,+13,16,0.49,7,20,9,15,0,0,1,4,127,12.6,18:04,--
218,Tyler Kennedy,2008-09,PIT,R,C,67,15,20,35,+15,30,0.52,15,33,0,2,0,0,1,3,171,8.8,13:46,53.9
219,Manny Malhotra,2008-09,CBJ,L,C,77,11,24,35,+9,28,0.45,11,28,0,6,0,1,0,3,116,9.5,18:01,58.0
220,Matt Niskanen,2008-09,DAL,R,D,80,6,29,35,-11,52,0.44,4,25,2,10,0,0,0,0,111,5.4,19:58,--
221,Scottie Upshall,2008-09,"PHI,PHX",L,R,74,15,19,34,+7,89,0.46,10,27,5,7,0,0,0,1,192,7.8,14:36,26.3
222,Marek Svatos,2008-09,COL,R,R,69,14,20,34,-6,34,0.49,8,21,6,13,0,0,0,1,140,10.0,13:06,0.0
223,Adrian Aucoin,2008-09,CGY,R,D,81,10,24,34,-8,46,0.42,7,21,3,12,0,1,1,3,126,7.9,22:18,--
224,Fedor Tyutin,2008-09,CBJ,L,D,82,9,25,34,+1,81,0.41,3,16,5,17,1,1,0,0,167,5.4,23:31,100.0
225,Keith Ballard,2008-09,FLA,L,D,82,6,28,34,+14,72,0.41,5,28,1,5,0,1,0,1,106,5.7,22:23,0.0
226,Richard Zednik,2008-09,FLA,L,R,70,17,16,33,+2,46,0.47,14,28,3,4,0,1,1,4,153,11.1,15:35,0.0
227,Sergei Fedorov,2008-09,WSH,L,C,52,11,22,33,+4,50,0.63,9,20,2,13,0,0,1,2,118,9.3,16:31,56.2
228,Kris Letang,2008-09,PIT,R,D,74,10,23,33,-7,24,0.45,5,21,4,11,1,1,0,3,138,7.3,21:09,0.0
229,Michael Nylander,2008-09,WSH,L,C,72,9,24,33,0,32,0.46,5,23,4,10,0,0,0,2,87,10.3,14:02,45.9
230,Frans Nielsen,2008-09,NYI,L,C,59,9,24,33,-4,18,0.56,5,15,3,16,1,2,0,2,101,8.9,16:32,47.2
231,Joni Pitkanen,2008-09,CAR,L,D,71,7,26,33,+11,58,0.46,5,19,2,14,0,0,0,3,147,4.8,24:48,--
232,Roman Hamrlik,2008-09,MTL,L,D,81,6,27,33,+4,62,0.41,6,27,0,3,0,3,0,0,143,4.2,21:55,--
233,Paul Martin,2008-09,NJD,L,D,73,5,28,33,+21,36,0.45,3,14,2,18,0,1,0,1,107,4.7,24:22,--
234,David Clarkson,2008-09,NJD,R,R,82,17,15,32,-1,164,0.39,13,26,4,6,0,0,0,3,158,10.8,12:03,28.6
235,Nick Foligno,2008-09,OTT,L,L,81,17,15,32,-10,59,0.40,10,18,7,14,0,0,0,2,145,11.7,13:41,44.7
236,Brian Rolston,2008-09,NJD,L,R,64,15,17,32,+2,30,0.50,7,16,8,16,0,0,1,3,174,8.6,15:06,46.1
237,Steve Bernier,2008-09,VAN,R,R,81,15,17,32,+4,27,0.40,13,25,2,7,0,0,0,4,137,11.0,13:50,23.8
238,Marc-Andre Bergeron,2008-09,MIN,L,D,72,14,18,32,+5,30,0.44,7,14,7,18,0,0,1,3,140,10.0,16:54,--
239,Mike Fisher,2008-09,OTT,R,C,78,13,19,32,0,66,0.41,10,24,1,6,2,2,2,3,182,7.1,18:30,51.3
240,Gregory Campbell,2008-09,FLA,L,C,77,13,19,32,0,76,0.42,12,29,1,2,0,1,0,1,135,9.6,16:47,50.0
241,Steve Sullivan,2008-09,NSH,R,L,41,11,21,32,+2,30,0.78,8,22,3,10,0,0,1,2,83,13.3,18:29,0.0
242,Mathieu Schneider,2008-09,"ATL,MTL",L,D,67,9,23,32,-12,64,0.48,3,13,6,18,0,1,1,2,128,7.0,21:00,--
243,Andrew Ebbett,2008-09,ANA,L,C,48,8,24,32,+8,24,0.67,2,21,6,11,0,0,0,0,100,8.0,13:52,48.6
244,Toby Enstrom,2008-09,ATL,L,D,82,5,27,32,+14,52,0.39,2,15,2,14,1,3,0,1,86,5.8,23:32,50.0
245,Chad LaRose,2008-09,CAR,R,R,81,19,12,31,+6,35,0.38,17,26,0,1,2,4,0,4,171,11.1,15:08,27.8
246,Clarke MacArthur,2008-09,BUF,L,L,71,17,14,31,-4,56,0.44,12,21,5,10,0,0,0,0,108,15.7,13:50,34.9
247,Brendan Morrison,2008-09,"ANA,DAL",L,C,81,16,15,31,+3,32,0.38,13,24,3,7,0,0,0,4,111,14.4,14:13,45.3
248,Dustin Byfuglien,2008-09,CHI,R,D,77,15,16,31,+7,81,0.40,12,24,3,7,0,0,0,4,202,7.4,14:52,18.2
249,Nikolay Kulemin,2008-09,TOR,L,L,73,15,16,31,-8,18,0.42,13,22,2,9,0,0,0,1,129,11.6,13:48,53.0
250,Richard Park,2008-09,NYI,R,R,71,14,17,31,-13,34,0.44,8,20,4,7,2,4,0,1,138,10.1,17:10,49.0
251,Trent Hunter,2008-09,NYI,R,R,55,14,17,31,-8,41,0.56,9,20,5,10,0,1,1,2,154,9.1,16:23,25.0
252,Matt Cooke,2008-09,PIT,L,L,76,13,18,31,0,101,0.41,13,30,0,1,0,0,0,1,86,15.1,14:13,36.8
253,Ville Peltonen,2008-09,FLA,L,L,79,12,19,31,+6,31,0.39,12,30,0,1,0,0,0,1,121,9.9,15:15,28.1
254,Martin Hanzal,2008-09,PHX,L,C,74,11,20,31,-4,40,0.42,9,26,0,2,2,3,0,2,97,11.3,16:21,48.3
255,Lubomir Visnovsky,2008-09,EDM,L,D,50,8,23,31,+6,30,0.62,3,14,5,17,0,0,0,1,86,9.3,23:01,--
256,Tomas Kaberle,2008-09,TOR,L,D,57,4,27,31,-8,8,0.54,1,12,3,19,0,0,0,1,93,4.3,23:28,--
257,Marty Reasoner,2008-09,ATL,L,C,79,14,16,30,+11,36,0.38,13,24,0,0,1,6,1,2,131,10.7,15:19,52.9
258,Chris Campoli,2008-09,"NYI,OTT",L,D,76,11,19,30,-16,55,0.39,8,17,2,11,1,2,1,4,91,12.1,19:32,--
259,Michal Rozsival,2008-09,NYR,R,D,76,8,22,30,-7,52,0.39,5,14,3,14,0,2,1,2,120,6.7,22:31,--
260,P.J. Axelsson,2008-09,BOS,L,L,75,6,24,30,-1,16,0.40,4,19,2,11,0,0,0,0,87,6.9,16:14,34.0
261,Dennis Seidenberg,2008-09,CAR,L,D,70,5,25,30,-9,37,0.43,3,19,2,11,0,0,0,1,129,3.9,22:20,--
262,Keith Yandle,2008-09,PHX,L,D,69,4,26,30,-4,37,0.43,3,17,1,13,0,0,0,0,118,3.4,16:37,--
263,Carlo Colaiacovo,2008-09,"TOR,STL",L,D,73,3,27,30,0,35,0.41,3,10,0,20,0,0,0,0,87,3.5,18:16,--
264,Fabian Brunnstrom,2008-09,DAL,L,L,55,17,12,29,-8,8,0.53,13,23,4,6,0,0,0,5,81,21.0,11:37,--
265,Jonathan Cheechoo,2008-09,SJS,R,R,66,12,17,29,-3,59,0.44,6,19,5,9,1,1,0,4,152,7.9,15:19,25.0
266,Paul Gaustad,2008-09,BUF,L,C,62,12,17,29,+4,108,0.47,8,20,3,8,1,1,0,1,122,9.8,16:06,52.7
267,John Mitchell,2008-09,TOR,L,C,76,12,17,29,-16,33,0.38,10,22,2,6,0,1,0,0,98,12.2,13:48,48.7
268,Robert Nilsson,2008-09,EDM,L,C,64,9,20,29,+1,26,0.45,5,18,4,11,0,0,0,1,77,11.7,15:11,40.0
269,Johnny Oduya,2008-09,NJD,L,D,82,7,22,29,+21,30,0.35,5,23,1,5,1,1,2,4,108,6.5,20:52,--
270,Maxim Lapierre,2008-09,MTL,R,C,79,15,13,28,+9,76,0.35,12,25,1,1,2,2,0,2,165,9.1,14:48,53.2
271,Pascal Dupuis,2008-09,PIT,L,R,71,12,16,28,+1,30,0.39,12,27,0,0,0,1,1,2,145,8.3,14:13,18.8
272,Mikkel Boedker,2008-09,PHX,L,L,78,11,17,28,-6,18,0.36,9,26,2,2,0,0,0,3,116,9.5,15:32,12.5
273,Mats Sundin,2008-09,VAN,R,C,41,9,19,28,-5,28,0.68,4,14,5,14,0,0,0,2,84,10.7,16:51,55.2
274,Alexander Steen,2008-09,"TOR,STL",L,L,81,8,20,28,-10,30,0.35,4,17,3,10,1,1,0,0,148,5.4,16:20,45.3
275,Erik Christensen,2008-09,"ATL,ANA",L,C,64,7,21,28,-9,20,0.44,5,21,2,7,0,0,0,0,122,5.7,13:39,55.7
276,Braydon Coburn,2008-09,PHI,L,D,80,7,21,28,+7,97,0.35,4,15,3,11,0,2,0,0,130,5.4,24:37,--
277,Kyle Wellwood,2008-09,VAN,R,C,74,18,9,27,+2,4,0.36,8,14,10,13,0,0,0,3,94,19.2,13:48,57.5
278,Jochen Hecht,2008-09,BUF,L,C,70,12,15,27,-9,33,0.39,8,19,3,5,1,3,0,1,173,6.9,17:24,43.7
279,Daniel Paille,2008-09,BUF,L,L,73,12,15,27,0,20,0.37,12,25,0,0,0,2,0,2,80,15.0,11:54,17.7
280,Andy Hilbert,2008-09,NYI,L,L,67,11,16,27,-3,22,0.40,9,21,1,4,1,2,0,0,167,6.6,16:09,38.2
281,Kyle Brodziak,2008-09,EDM,R,C,79,11,16,27,+4,21,0.34,9,23,1,2,1,2,1,3,99,11.1,12:43,51.6
282,Mike Comrie,2008-09,"NYI,OTT",L,C,63,10,17,27,-15,32,0.43,8,20,2,6,0,1,0,1,121,8.3,15:42,41.0
283,Claude Giroux,2008-09,PHI,R,C,42,9,18,27,+10,14,0.64,7,21,2,6,0,0,0,0,67,13.4,15:10,47.3
284,Kyle Calder,2008-09,LAK,L,L,74,8,19,27,-1,41,0.36,6,23,2,4,0,0,0,1,93,8.6,13:10,33.3
285,Brent Burns,2008-09,MIN,R,D,59,8,19,27,-7,45,0.46,4,13,4,14,0,0,1,2,147,5.4,22:25,60.0
286,Jussi Jokinen,2008-09,"TBL,CAR",L,L,71,7,20,27,-10,28,0.38,5,18,2,9,0,0,0,1,101,6.9,15:19,53.6
287,Zbynek Michalek,2008-09,PHX,R,D,82,6,21,27,-13,28,0.33,6,26,0,0,0,1,0,0,106,5.7,22:43,--
288,Matt Hunwick,2008-09,BOS,L,D,53,6,21,27,+15,31,0.51,6,19,0,8,0,0,0,1,58,10.3,16:59,--
289,Drew Doughty,2008-09,LAK,R,D,81,6,21,27,-17,56,0.33,3,11,3,16,0,0,0,1,126,4.8,23:50,--
290,Ethan Moreau,2008-09,EDM,L,L,77,14,12,26,0,133,0.34,13,25,0,0,1,1,0,2,159,8.8,15:22,30.6
291,Guillaume Latendresse,2008-09,MTL,L,L,56,14,12,26,+4,45,0.46,13,22,1,4,0,0,0,2,117,12.0,13:37,50.0
292,Jay McClement,2008-09,STL,L,C,82,12,14,26,-10,29,0.32,9,23,0,0,3,3,0,3,137,8.8,16:36,52.1
293,Ian White,2008-09,TOR,R,D,71,10,16,26,+6,57,0.37,8,20,2,5,0,1,0,2,158,6.3,22:51,--
294,Troy Brouwer,2008-09,CHI,R,R,69,10,16,26,+7,50,0.38,5,17,4,8,1,1,0,0,126,7.9,15:05,45.0
295,Brent Seabrook,2008-09,CHI,R,D,82,8,18,26,+23,62,0.32,4,17,3,8,1,1,1,1,132,6.1,23:19,--
296,Steve Eminger,2008-09,"PHI,TBL,FLA",R,D,71,5,21,26,-3,50,0.37,3,14,2,12,0,0,0,1,85,5.9,21:37,0.0
297,Matt Carle,2008-09,"TBL,PHI",L,D,76,5,21,26,+3,22,0.34,5,18,0,8,0,0,0,2,85,5.9,21:24,--
298,Wade Redden,2008-09,NYR,L,D,81,3,23,26,-5,51,0.32,1,17,2,8,0,1,0,0,161,1.9,22:20,--
299,Stephane Robidas,2008-09,DAL,R,D,72,3,23,26,+10,76,0.36,2,16,1,9,0,1,0,0,158,1.9,24:32,100.0
300,Dan Hamhuis,2008-09,NSH,L,D,82,3,23,26,-4,67,0.32,1,18,1,6,1,2,1,1,135,2.2,22:50,--
301,Eric Fehr,2008-09,WSH,R,C,61,12,13,25,+8,22,0.41,11,23,1,2,0,0,0,2,134,9.0,11:15,33.3
302,Daniel Briere,2008-09,PHI,R,C,29,11,14,25,-1,26,0.86,7,15,4,10,0,0,0,0,54,20.4,15:39,46.3
303,Derick Brassard,2008-09,CBJ,L,C,31,10,15,25,+12,17,0.81,7,18,3,7,0,0,0,1,59,17.0,14:25,48.5
304,Radek Bonk,2008-09,NSH,L,C,66,9,16,25,-12,34,0.38,3,15,6,9,0,1,0,2,102,8.8,15:27,59.9
305,Freddy Modin,2008-09,CBJ,L,L,50,9,16,25,+2,28,0.50,7,18,2,7,0,0,0,0,113,8.0,16:53,40.2
306,Trevor Daley,2008-09,DAL,L,D,75,7,18,25,+2,73,0.33,7,23,0,1,0,1,2,2,104,6.7,22:00,0.0
307,Blake Comeau,2008-09,NYI,R,L,53,7,18,25,-17,32,0.47,5,16,2,9,0,0,0,0,78,9.0,16:17,31.1
308,Josh Bailey,2008-09,NYI,L,R,68,7,18,25,-14,16,0.37,4,14,3,11,0,0,0,0,74,9.5,15:29,41.1
309,Mattias Ohlund,2008-09,VAN,L,D,82,6,19,25,+14,105,0.30,3,16,3,8,0,1,0,1,131,4.6,21:34,--
310,Sami Salo,2008-09,VAN,R,D,60,5,20,25,+5,26,0.42,0,11,5,14,0,0,1,2,110,4.6,20:11,--
311,Sean Bergenheim,2008-09,NYI,L,L,59,15,9,24,-2,64,0.41,11,20,0,0,4,4,0,5,152,9.9,14:15,40.9
312,Jere Lehtinen,2008-09,DAL,R,R,48,8,16,24,+1,8,0.50,6,17,2,7,0,0,0,1,119,6.7,19:00,28.6
313,Jordan Leopold,2008-09,"COL,CGY",L,D,83,7,17,24,-15,24,0.29,6,19,1,4,0,1,0,1,107,6.5,18:48,--
314,Mike Commodore,2008-09,CBJ,R,D,81,5,19,24,+11,100,0.30,5,22,0,2,0,0,0,0,103,4.9,22:54,66.7
315,James Sheppard,2008-09,MIN,L,C,82,5,19,24,-14,41,0.29,5,21,0,3,0,0,0,1,88,5.7,15:11,41.5
316,James Wisniewski,2008-09,"CHI,ANA",R,D,48,3,21,24,+9,30,0.50,2,13,1,11,0,0,0,0,89,3.4,19:51,--
317,Craig Rivet,2008-09,BUF,R,D,64,2,22,24,+4,125,0.38,1,12,1,11,0,1,0,0,80,2.5,20:14,--
318,Kim Johnsson,2008-09,MIN,L,D,81,2,22,24,-3,44,0.30,1,16,1,6,0,2,0,0,93,2.2,24:32,--
319,Marian Gaborik,2008-09,MIN,L,R,17,13,10,23,+3,2,1.35,10,15,2,7,1,1,0,2,68,19.1,20:00,0.0
320,Stephane Veilleux,2008-09,MIN,L,L,81,13,10,23,-17,40,0.28,12,21,0,1,1,1,0,1,146,8.9,15:48,27.3
321,Chris Kelly,2008-09,OTT,L,C,82,12,11,23,-10,38,0.28,11,20,0,0,1,3,0,1,118,10.2,15:36,47.4
322,Chris Higgins,2008-09,MTL,L,L,57,12,11,23,-1,22,0.40,8,17,2,4,2,2,0,1,151,8.0,17:00,50.9
323,Mason Raymond,2008-09,VAN,L,L,72,11,12,23,+2,24,0.32,7,13,4,10,0,0,0,0,145,7.6,13:43,34.0
324,Mike Grier,2008-09,SJS,R,R,62,10,13,23,+8,25,0.37,9,19,0,0,1,4,0,2,108,9.3,15:00,34.9
325,Wayne Simmonds,2008-09,LAK,R,R,82,9,14,23,-8,73,0.28,7,17,2,5,0,1,0,2,127,7.1,13:50,36.0
326,Sergei Kostitsyn,2008-09,MTL,L,L,56,8,15,23,-3,64,0.41,3,13,5,10,0,0,0,1,74,10.8,14:08,33.3
327,John Madden,2008-09,NJD,L,C,76,7,16,23,-7,26,0.30,6,20,0,0,1,3,0,2,132,5.3,16:25,51.6
328,Eric Perrin,2008-09,ATL,L,C,78,7,16,23,-2,36,0.29,5,17,1,2,1,4,0,0,109,6.4,14:11,52.1
329,Jeff Finger,2008-09,TOR,R,D,66,6,17,23,-7,43,0.35,6,21,0,2,0,0,0,0,68,8.8,20:29,--
330,Josh Gorges,2008-09,MTL,L,D,81,4,19,23,+12,37,0.28,2,17,2,5,0,1,0,0,63,6.4,20:08,0.0
331,Toni Lydman,2008-09,BUF,L,D,80,3,20,23,0,70,0.29,3,17,0,5,0,1,0,0,99,3.0,21:47,--
332,Willie Mitchell,2008-09,VAN,L,D,82,3,20,23,+29,59,0.28,3,23,0,0,0,0,0,1,88,3.4,22:55,0.0
333,Ryan Whitney,2008-09,"PIT,ANA",L,D,48,2,21,23,-14,28,0.48,1,12,1,11,0,0,0,0,71,2.8,23:52,--
334,Max Talbot,2008-09,PIT,L,C,75,12,10,22,-9,63,0.29,10,19,0,1,2,2,0,1,102,11.8,14:08,51.1
335,B.J. Crombeen,2008-09,"DAL,STL",R,R,81,12,10,22,-9,148,0.27,11,19,0,2,1,1,0,3,124,9.7,12:43,42.9
336,Dustin Boyd,2008-09,CGY,L,C,71,11,11,22,-11,10,0.31,9,17,1,3,1,2,0,3,74,14.9,12:52,45.5
337,Jason Chimera,2008-09,CBJ,L,L,49,8,14,22,+8,41,0.45,7,20,1,2,0,0,0,1,115,7.0,16:15,42.9
338,Tom Kostopoulos,2008-09,MTL,R,R,78,8,14,22,-1,106,0.28,7,20,0,0,1,2,0,0,121,6.6,14:09,31.3
339,Sean Avery,2008-09,"DAL,NYR",L,L,41,8,14,22,+6,111,0.54,6,17,2,5,0,0,0,0,99,8.1,15:45,50.0
340,Chris Phillips,2008-09,OTT,L,D,82,6,16,22,-14,66,0.27,5,16,0,3,1,3,0,0,88,6.8,21:52,--
341,Tyler Arnason,2008-09,COL,L,C,71,5,17,22,-16,14,0.31,3,19,2,3,0,0,0,1,108,4.6,13:19,46.1
342,Michael Peca,2008-09,CBJ,R,C,71,4,18,22,-6,58,0.31,4,20,0,1,0,1,0,2,74,5.4,14:06,49.7
343,Dan Girardi,2008-09,NYR,R,D,82,4,18,22,-14,53,0.27,2,15,2,7,0,0,0,1,122,3.3,21:32,--
344,Rob Niedermayer,2008-09,ANA,L,C,79,14,7,21,-17,42,0.27,12,19,1,1,1,1,0,2,88,15.9,15:34,38.2
345,Brad Winchester,2008-09,STL,L,L,64,13,8,21,-1,89,0.33,8,13,5,8,0,0,0,3,82,15.9,12:10,45.0
346,Enver Lisin,2008-09,PHX,L,R,48,13,8,21,-13,24,0.44,12,19,1,2,0,0,0,2,105,12.4,14:50,33.3
347,Matt D'Agostini,2008-09,MTL,R,R,53,12,9,21,-17,16,0.40,9,16,3,5,0,0,0,1,116,10.3,13:25,33.3
348,Nigel Dawes,2008-09,"NYR,PHX",L,L,64,10,11,21,-6,15,0.33,7,17,3,4,0,0,0,4,115,8.7,13:15,--
349,Jarkko Ruutu,2008-09,OTT,L,L,78,7,14,21,0,144,0.27,6,18,0,0,1,3,0,0,89,7.9,11:43,25.0
350,Brendan Bell,2008-09,OTT,L,D,53,6,15,21,-5,24,0.40,1,6,5,15,0,0,0,1,76,7.9,17:44,--
351,Jannik Hansen,2008-09,VAN,R,R,55,6,15,21,+5,37,0.38,6,20,0,0,0,1,0,1,64,9.4,12:31,16.7
352,Paul Mara,2008-09,NYR,L,D,76,5,16,21,+2,94,0.28,4,9,1,11,0,1,0,0,102,4.9,18:58,50.0
353,Nick Boynton,2008-09,FLA,R,D,68,5,16,21,+7,91,0.31,5,18,0,3,0,0,0,1,104,4.8,16:36,--
354,Ruslan Salei,2008-09,COL,L,D,70,4,17,21,-4,72,0.30,3,14,1,7,0,0,0,0,93,4.3,21:06,--
355,Barret Jackman,2008-09,STL,L,D,82,4,17,21,-17,86,0.26,2,17,1,2,1,2,0,0,89,4.5,23:26,--
356,Steve Montador,2008-09,"ANA,BOS",R,D,78,4,17,21,+17,143,0.27,4,20,0,1,0,0,0,0,117,3.4,16:10,0.0
357,T.J. Hensick,2008-09,COL,R,C,61,4,17,21,-7,14,0.34,3,15,1,6,0,0,0,0,116,3.5,12:54,47.3
358,Jan Hejda,2008-09,CBJ,L,D,82,3,18,21,+23,38,0.26,3,20,0,0,0,1,0,1,66,4.6,22:23,0.0
359,Kris Russell,2008-09,CBJ,L,D,66,2,19,21,-10,28,0.32,1,10,1,11,0,0,0,1,86,2.3,16:07,--
360,Cody McLeod,2008-09,COL,L,L,79,15,5,20,-11,162,0.25,15,20,0,0,0,0,0,3,118,12.7,11:35,40.0
361,Raffi Torres,2008-09,CBJ,L,L,51,12,8,20,-4,23,0.39,10,18,2,2,0,0,0,6,74,16.2,12:06,57.9
362,Joakim Lindstrom,2008-09,PHX,L,C,44,9,11,20,-6,28,0.45,6,11,3,9,0,0,0,2,77,11.7,14:52,35.7
363,Arron Asham,2008-09,PHI,R,R,78,8,12,20,0,155,0.26,8,20,0,0,0,0,0,1,74,10.8,8:45,46.7
364,Marc-Antoine Pouliot,2008-09,EDM,R,C,63,8,12,20,+1,23,0.32,8,18,0,2,0,0,0,2,94,8.5,11:30,48.3
365,Ryan Shannon,2008-09,OTT,R,R,35,8,12,20,-1,2,0.57,5,13,3,7,0,0,0,1,61,13.1,15:04,33.3
366,Kyle Turris,2008-09,PHX,R,C,63,8,12,20,-15,21,0.32,5,9,3,11,0,0,0,3,91,8.8,12:55,42.9
367,Maxim Afinogenov,2008-09,BUF,L,R,48,6,14,20,-7,20,0.42,6,13,0,7,0,0,0,0,93,6.5,12:36,0.0
368,Alex Goligoski,2008-09,PIT,L,D,45,6,14,20,+5,16,0.44,2,12,4,8,0,0,0,0,61,9.8,18:18,--
369,Derek Morris,2008-09,"PHX,NYR",R,D,75,5,15,20,-10,40,0.27,4,13,0,5,1,2,0,0,120,4.2,20:53,--
370,Cory Sarich,2008-09,CGY,R,D,76,2,18,20,+12,112,0.26,2,17,0,1,0,2,0,0,57,3.5,17:53,--
371,Chris Stewart,2008-09,COL,R,R,53,11,8,19,-18,54,0.36,9,14,1,4,1,1,0,1,98,11.2,12:20,33.3
372,Taylor Pyatt,2008-09,VAN,L,L,69,10,9,19,0,43,0.28,10,18,0,1,0,0,0,1,99,10.1,14:43,48.5
373,Zach Bogosian,2008-09,ATL,R,D,47,9,10,19,+11,47,0.40,6,13,2,5,1,1,0,1,90,10.0,18:06,--
374,Adam Mair,2008-09,BUF,R,C,75,8,11,19,+4,95,0.25,8,19,0,0,0,0,0,1,75,10.7,10:35,48.3
375,David Steckel,2008-09,WSH,L,C,76,8,11,19,+2,34,0.25,6,16,0,0,2,3,0,1,103,7.8,13:49,57.9
376,Ian Laperriere,2008-09,COL,R,R,74,7,12,19,0,163,0.26,7,18,0,0,0,1,0,0,61,11.5,13:50,44.0
377,Brett McLean,2008-09,FLA,L,C,80,7,12,19,-12,29,0.24,7,18,0,1,0,0,0,2,114,6.1,12:26,43.2
378,Sergei Gonchar,2008-09,PIT,L,D,25,6,13,19,+6,26,0.76,1,6,5,13,0,0,0,1,71,8.5,25:11,--
379,Tomas Kopecky,2008-09,DET,L,R,79,6,13,19,-7,46,0.24,4,15,1,3,1,1,0,2,110,5.5,10:25,45.6
380,Petr Prucha,2008-09,"NYR,PHX",R,R,47,6,13,19,-1,22,0.40,5,14,1,5,0,0,1,1,67,9.0,14:41,12.5
381,Kamil Kreps,2008-09,FLA,R,C,66,4,15,19,+2,18,0.29,3,18,0,0,1,1,0,1,77,5.2,13:58,50.5
382,Bruno Gervais,2008-09,NYI,R,D,69,3,16,19,-15,33,0.28,3,15,0,3,0,1,0,1,82,3.7,21:36,0.0
383,Andrej Sekera,2008-09,BUF,L,D,69,3,16,19,-11,22,0.28,2,14,1,5,0,0,0,1,84,3.6,20:42,0.0
384,Niclas Havelid,2008-09,"ATL,NJD",L,D,78,2,17,19,+2,48,0.24,1,12,0,5,1,2,0,0,56,3.6,20:40,--
385,Brooks Orpik,2008-09,PIT,L,D,79,2,17,19,+10,73,0.24,1,17,1,2,0,0,0,0,39,5.1,20:20,--
386,Lukas Krajicek,2008-09,TBL,L,D,71,2,17,19,-8,48,0.27,2,16,0,2,0,1,0,0,66,3.0,19:37,--
387,Mark Giordano,2008-09,CGY,L,D,58,2,17,19,+2,59,0.33,0,13,2,6,0,0,0,0,82,2.4,16:13,--
388,Cal Clutterbuck,2008-09,MIN,R,R,78,11,7,18,-5,76,0.23,10,17,1,1,0,0,0,1,136,8.1,13:00,11.8
389,Jim Slater,2008-09,ATL,L,C,60,8,10,18,0,52,0.30,6,16,0,0,2,2,0,0,94,8.5,11:15,53.0
390,Stephane Yelle,2008-09,BOS,L,C,77,7,11,18,+6,32,0.23,6,15,1,1,0,2,0,2,72,9.7,13:16,52.0
391,Samuel Pahlsson,2008-09,"ANA,CHI",L,C,65,7,11,18,-17,34,0.28,6,15,1,3,0,0,0,2,88,8.0,18:17,53.5
392,Patrice Brisebois,2008-09,MTL,R,D,62,5,13,18,-3,19,0.29,1,11,4,7,0,0,0,1,68,7.4,15:54,--
393,Todd Marchant,2008-09,ANA,L,C,72,5,13,18,-2,34,0.25,3,14,0,1,2,3,0,0,101,5.0,14:32,50.3
394,Karlis Skrastins,2008-09,FLA,L,D,80,4,14,18,+9,30,0.23,4,17,0,0,0,1,0,0,55,7.3,20:34,--
395,Jeff Woywitka,2008-09,STL,L,D,65,3,15,18,+8,57,0.28,1,10,2,8,0,0,0,1,71,4.2,18:29,--
396,Jesse Winchester,2008-09,OTT,R,C,76,3,15,18,0,33,0.24,3,18,0,0,0,0,0,1,115,2.6,10:35,56.8
397,Colin White,2008-09,NJD,L,D,71,1,17,18,+18,46,0.25,1,15,0,0,0,3,0,0,68,1.5,19:01,0.0
398,Vernon Fiddler,2008-09,NSH,L,C,78,11,6,17,-13,24,0.22,8,13,1,1,2,3,0,2,114,9.7,13:58,54.1
399,Kris Draper,2008-09,DET,L,C,79,7,10,17,-13,40,0.22,6,15,0,0,1,2,0,2,93,7.5,11:59,60.3
400,Ryan Jones,2008-09,NSH,L,L,46,7,10,17,+1,22,0.37,5,11,2,6,0,0,0,1,63,11.1,11:26,10.0
401,Glen Metropolit,2008-09,"PHI,MTL",R,C,76,6,11,17,-5,28,0.22,5,15,1,1,0,1,0,0,82,7.3,12:36,49.2
402,Colin Fraser,2008-09,CHI,L,C,81,6,11,17,+3,55,0.21,5,14,0,1,1,2,0,0,67,9.0,10:54,47.8
403,Mark Stuart,2008-09,BOS,L,D,82,5,12,17,+20,76,0.21,5,16,0,1,0,0,0,1,61,8.2,15:25,--
404,Marc Methot,2008-09,CBJ,L,D,66,4,13,17,+7,55,0.26,4,17,0,0,0,0,0,0,58,6.9,17:57,--
405,Teppo Numminen,2008-09,BUF,R,D,57,2,15,17,-4,22,0.30,1,11,1,6,0,0,0,1,34,5.9,17:30,--
406,Dmitri Kalinin,2008-09,"NYR,PHX",L,D,73,2,15,17,-9,32,0.23,1,14,1,3,0,0,0,0,67,3.0,17:40,--
407,Darcy Tucker,2008-09,COL,L,R,63,8,8,16,-13,67,0.25,6,11,2,5,0,0,0,1,94,8.5,14:07,42.9
408,Jamie Lundmark,2008-09,CGY,R,C,27,8,8,16,+2,17,0.59,8,13,0,3,0,0,0,0,50,16.0,13:59,51.7
409,Aaron Voros,2008-09,NYR,L,L,54,8,8,16,-9,122,0.30,5,13,3,3,0,0,0,1,66,12.1,11:11,40.0
410,Viktor Tikhonov,2008-09,PHX,R,R,61,8,8,16,-3,20,0.26,7,14,1,1,0,1,0,1,71,11.3,12:08,38.3
411,Jamal Mayers,2008-09,TOR,R,R,71,7,9,16,-7,82,0.23,7,15,0,1,0,0,0,1,72,9.7,10:33,57.3
412,Jeff Halpern,2008-09,TBL,R,C,52,7,9,16,-13,32,0.31,5,11,1,4,1,1,0,1,60,11.7,17:01,52.8
413,Travis Moen,2008-09,"ANA,SJS",L,L,82,7,9,16,-18,91,0.20,4,13,0,0,3,3,0,2,101,6.9,14:59,22.2
414,Evgeny Artyukhin,2008-09,TBL,L,R,73,6,10,16,+1,151,0.22,5,14,1,2,0,0,0,0,100,6.0,10:40,0.0
415,Brett Lebda,2008-09,DET,L,D,65,6,10,16,+9,48,0.25,6,16,0,0,0,0,0,1,69,8.7,13:39,100.0
416,Dean McAmmond,2008-09,"OTT,NYI",L,C,62,5,11,16,+7,24,0.26,4,15,0,0,1,1,0,2,59,8.5,11:16,44.6
417,Cory Murphy,2008-09,"FLA,TBL",R,D,32,5,11,16,-4,14,0.50,1,6,4,10,0,0,0,0,55,9.1,17:57,--
418,Martin Skoula,2008-09,MIN,L,D,81,4,12,16,-12,10,0.20,4,15,0,0,0,1,0,0,55,7.3,19:58,--
419,Jordin Tootoo,2008-09,NSH,R,R,72,4,12,16,-15,124,0.22,4,15,0,1,0,0,0,1,138,2.9,12:05,56.3
420,Teddy Purcell,2008-09,LAK,R,L,40,4,12,16,-4,4,0.40,2,6,2,10,0,0,0,1,68,5.9,13:31,17.2
421,Bryce Salvador,2008-09,NJD,L,D,76,3,13,16,-1,78,0.21,3,14,0,0,0,2,0,2,68,4.4,19:29,100.0
422,Andrej Meszaros,2008-09,TBL,L,D,52,2,14,16,-4,36,0.31,1,11,1,5,0,0,0,1,87,2.3,24:11,0.0
423,Andrew Ference,2008-09,BOS,L,D,47,1,15,16,+7,40,0.34,0,9,1,7,0,0,0,0,72,1.4,21:32,--
424,Rob Scuderi,2008-09,PIT,L,D,81,1,15,16,+23,18,0.20,1,16,0,0,0,0,0,0,51,2.0,19:10,--
425,Ben Eager,2008-09,CHI,L,L,75,11,4,15,+1,161,0.20,11,15,0,0,0,0,0,0,80,13.8,8:31,--
426,Jon Sim,2008-09,NYI,L,L,49,9,6,15,-12,42,0.31,6,12,3,3,0,0,0,0,90,10.0,12:10,16.7
427,Brian Sutherby,2008-09,"ANA,DAL",L,C,59,8,7,15,+1,71,0.25,7,14,0,0,1,1,0,0,67,11.9,10:55,42.4
428,Matt Pettinger,2008-09,TBL,L,L,59,8,7,15,-14,24,0.25,6,13,2,2,0,0,0,1,82,9.8,12:19,16.7
429,Fernando Pisani,2008-09,EDM,L,R,38,7,8,15,-1,14,0.39,7,14,0,0,0,1,0,0,72,9.7,15:19,40.7
430,Chris Thorburn,2008-09,ATL,R,R,82,7,8,15,-10,104,0.18,7,15,0,0,0,0,0,1,85,8.2,9:35,40.5
431,Jeff Tambellini,2008-09,NYI,L,L,65,7,8,15,-20,32,0.23,7,15,0,0,0,0,0,0,98,7.1,13:07,60.0
432,Oscar Moller,2008-09,LAK,R,R,40,7,8,15,-3,16,0.38,2,6,5,9,0,0,0,0,81,8.6,13:22,43.0
433,Scott Walker,2008-09,CAR,R,R,41,5,10,15,-4,39,0.37,4,13,1,2,0,0,0,0,71,7.0,13:20,50.0
434,Brenden Morrow,2008-09,DAL,L,L,18,5,10,15,-4,49,0.83,3,10,2,5,0,0,0,0,52,9.6,21:21,33.3
435,Darryl Sydor,2008-09,"PIT,DAL",L,D,73,3,12,15,+3,18,0.21,3,12,0,3,0,0,0,0,73,4.1,18:13,--
436,Marc Staal,2008-09,NYR,L,D,82,3,12,15,-7,64,0.18,3,13,0,1,0,1,0,1,96,3.1,21:08,--
437,Paul Kariya,2008-09,STL,L,L,11,2,13,15,+1,2,1.36,2,6,0,9,0,0,0,0,31,6.5,18:06,--
438,Brad Stuart,2008-09,DET,L,D,67,2,13,15,-3,26,0.22,1,14,1,1,0,0,0,0,105,1.9,20:13,--
439,Mike Mottau,2008-09,NJD,L,D,80,1,14,15,+24,35,0.19,1,13,0,1,0,1,0,0,71,1.4,17:47,--
440,Roman Polak,2008-09,STL,R,D,69,1,14,15,-15,45,0.22,1,8,0,5,0,2,0,1,73,1.4,21:32,0.0
441,Brendan Shanahan,2008-09,NJD,R,L,34,6,8,14,-2,29,0.41,4,11,2,3,0,0,0,1,77,7.8,14:54,44.4
442,Patrick Eaves,2008-09,CAR,R,R,74,6,8,14,+7,31,0.19,4,12,1,1,1,1,0,1,115,5.2,11:15,41.7
443,Alexandre Picard,2008-09,OTT,L,D,47,6,8,14,-2,8,0.30,0,4,6,10,0,0,0,1,72,8.3,18:52,--
444,Lauri Korpikoski,2008-09,NYR,L,L,68,6,8,14,-10,14,0.21,6,14,0,0,0,0,0,1,63,9.5,10:55,40.0
445,Boyd Gordon,2008-09,WSH,R,C,63,5,9,14,-4,16,0.22,4,13,0,0,1,1,0,2,69,7.3,13:28,56.1
446,Justin Williams,2008-09,"CAR,LAK",R,R,44,4,10,14,-8,17,0.32,1,8,3,6,0,0,0,0,108,3.7,15:53,31.8
447,Jared Boll,2008-09,CBJ,R,R,75,4,10,14,-6,180,0.19,3,12,1,2,0,0,0,0,73,5.5,8:54,0.0
448,Milan Jurcina,2008-09,WSH,R,D,79,3,11,14,+1,68,0.18,3,13,0,1,0,0,0,1,95,3.2,16:09,--
449,Daniel Carcillo,2008-09,"PHX,PHI",L,L,74,3,11,14,-15,254,0.19,1,11,2,3,0,0,0,0,130,2.3,11:31,60.0
450,Steve Staios,2008-09,EDM,R,D,80,2,12,14,-5,92,0.18,2,14,0,0,0,0,0,0,78,2.6,19:48,--
451,Matt Greene,2008-09,LAK,R,D,82,2,12,14,+1,111,0.17,2,13,0,1,0,0,0,0,76,2.6,19:44,100.0
452,Luke Schenn,2008-09,TOR,R,D,70,2,12,14,-12,71,0.20,1,13,1,1,0,0,0,0,102,2.0,21:32,--
453,Matt Walker,2008-09,CHI,R,D,65,1,13,14,+7,79,0.22,1,12,0,0,0,2,0,0,83,1.2,16:38,--
454,Mark Parrish,2008-09,DAL,R,R,44,8,5,13,-3,18,0.30,4,8,4,5,0,0,0,3,46,17.4,11:16,20.0
455,David Jones,2008-09,COL,R,R,40,8,5,13,-8,8,0.33,7,11,1,2,0,0,0,1,47,17.0,12:44,50.0
456,Marco Sturm,2008-09,BOS,L,L,19,7,6,13,+9,8,0.68,3,8,4,5,0,0,0,0,45,15.6,16:01,75.0
457,Fredrik Sjostrom,2008-09,NYR,L,L,79,7,6,13,-11,30,0.16,5,10,0,0,2,3,0,0,95,7.4,12:10,60.0
458,Todd Fedoruk,2008-09,PHX,L,L,72,6,7,13,-9,72,0.18,6,13,0,0,0,0,0,0,56,10.7,10:36,26.7
459,Tomas Plihal,2008-09,SJS,L,C,64,5,8,13,-4,22,0.20,4,12,0,0,1,1,0,1,79,6.3,10:08,52.8
460,Dan Fritsche,2008-09,"NYR,MIN",R,C,50,5,8,13,-5,12,0.26,3,10,1,2,1,1,0,0,54,9.3,10:38,43.6
461,Jeremy Roenick,2008-09,SJS,R,C,42,4,9,13,-1,24,0.31,3,10,1,3,0,0,0,0,50,8.0,11:39,47.0
462,Jerred Smithson,2008-09,NSH,R,C,82,4,9,13,-6,49,0.16,4,13,0,0,0,0,0,0,74,5.4,13:51,52.6
463,Eric Boulton,2008-09,ATL,L,L,76,3,10,13,-3,176,0.17,3,13,0,0,0,0,0,0,71,4.2,7:33,25.0
464,Tom Poti,2008-09,WSH,L,D,52,3,10,13,+3,28,0.25,3,10,0,2,0,1,0,1,48,6.3,21:09,--
465,Shaone Morrisonn,2008-09,WSH,L,D,72,3,10,13,+4,77,0.18,3,13,0,0,0,0,1,1,50,6.0,17:59,--
466,Chris Conner,2008-09,DAL,L,R,38,3,10,13,-5,10,0.34,3,12,0,1,0,0,0,1,34,8.8,10:56,0.0
467,Andreas Lilja,2008-09,DET,L,D,60,2,11,13,+13,66,0.22,2,13,0,0,0,0,0,0,60,3.3,17:00,0.0
468,Paul Ranger,2008-09,TBL,L,D,42,2,11,13,-5,56,0.31,2,8,0,5,0,0,0,0,69,2.9,24:30,--
469,Brian Lee,2008-09,OTT,R,D,53,2,11,13,-2,33,0.25,1,10,1,3,0,0,0,1,51,3.9,18:53,--
470,Andrew Alberts,2008-09,PHI,L,D,79,1,12,13,+6,61,0.16,1,12,0,0,0,1,0,0,46,2.2,15:48,--
471,Anton Stralman,2008-09,TOR,R,D,38,1,12,13,-2,20,0.34,1,8,0,5,0,0,0,1,43,2.3,15:34,100.0
472,Steve Begin,2008-09,"MTL,DAL",L,L,62,7,5,12,-6,42,0.19,7,12,0,0,0,0,0,1,90,7.8,10:43,48.9
473,Matt Ellis,2008-09,BUF,L,L,45,7,5,12,+4,12,0.27,7,11,0,1,0,0,0,2,73,9.6,8:50,46.9
474,Ben Guite,2008-09,COL,R,R,50,5,7,12,+2,30,0.24,5,12,0,0,0,0,0,1,63,7.9,12:43,51.5
475,Ryan Bayda,2008-09,CAR,L,L,70,5,7,12,+2,26,0.17,5,12,0,0,0,0,0,0,62,8.1,10:27,44.4
476,Tim Jackman,2008-09,NYI,R,R,69,5,7,12,-17,155,0.17,4,11,0,0,1,1,0,0,99,5.1,11:45,31.8
477,Liam Reddox,2008-09,EDM,L,L,46,5,7,12,-6,10,0.26,4,11,1,1,0,0,0,0,39,12.8,10:28,44.0
478,Mathieu Dandenault,2008-09,MTL,R,R,41,4,8,12,+7,17,0.29,4,10,0,1,0,1,0,0,46,8.7,11:45,40.0
479,Nathan Oystrick,2008-09,ATL,L,D,53,4,8,12,-2,50,0.23,4,10,0,2,0,0,0,0,43,9.3,15:45,--
480,Kevin Klein,2008-09,NSH,R,D,63,4,8,12,-2,19,0.19,3,11,1,1,0,0,0,0,41,9.8,12:40,--
481,Peter Harrold,2008-09,LAK,R,D,69,4,8,12,-13,28,0.17,3,7,1,5,0,0,0,1,95,4.2,13:10,37.5
482,Shane Hnidy,2008-09,BOS,R,D,65,3,9,12,+6,45,0.18,2,11,1,1,0,0,0,1,49,6.1,15:38,--
483,Joe Sakic,2008-09,COL,L,C,15,2,10,12,-6,6,0.80,2,6,0,6,0,0,0,0,46,4.4,18:07,54.2
484,Brett Clark,2008-09,COL,L,D,76,2,10,12,-16,32,0.16,2,10,0,2,0,0,1,1,97,2.1,22:20,--
485,Nicklas Grossmann,2008-09,DAL,L,D,81,2,10,12,-8,51,0.15,2,12,0,0,0,0,1,1,60,3.3,17:39,--
486,Henrik Tallinder,2008-09,BUF,L,D,66,1,11,12,-2,36,0.18,1,11,0,1,0,0,0,1,35,2.9,18:26,--
487,Cody McCormick,2008-09,COL,R,C,55,1,11,12,-5,92,0.22,1,11,0,0,0,1,0,0,66,1.5,9:36,35.5
488,Jeff Schultz,2008-09,WSH,L,D,64,1,11,12,+13,21,0.19,0,11,0,0,1,1,0,0,40,2.5,19:46,--
489,Sean O'Donnell,2008-09,LAK,L,D,82,0,12,12,+2,71,0.15,0,12,0,0,0,0,0,0,32,0.0,20:29,0.0
490,Tim Gleason,2008-09,CAR,L,D,70,0,12,12,+3,68,0.17,0,10,0,1,0,1,0,0,61,0.0,20:40,--
491,Andrew Murray,2008-09,CBJ,L,C,67,8,3,11,-6,10,0.16,7,9,1,1,0,1,0,3,89,9.0,11:16,45.9
492,Boyd Devereaux,2008-09,TOR,L,C,23,6,5,11,+3,2,0.48,3,8,0,0,3,3,0,0,41,14.6,13:42,44.4
493,Shawn Thornton,2008-09,BOS,R,L,79,6,5,11,-2,123,0.14,6,11,0,0,0,0,0,2,136,4.4,10:02,20.0
494,Zack Stortini,2008-09,EDM,R,R,52,6,5,11,-3,181,0.21,6,11,0,0,0,0,0,0,23,26.1,7:17,63.6
495,Jack Johnson,2008-09,LAK,L,D,41,6,5,11,-18,46,0.27,3,5,3,6,0,0,0,0,50,12.0,20:17,--
496,Darroll Powe,2008-09,PHI,L,C,60,6,5,11,-8,35,0.18,6,11,0,0,0,0,0,0,72,8.3,10:32,48.7
497,Kirk Maltby,2008-09,DET,R,L,78,5,6,11,-9,28,0.14,5,11,0,0,0,0,0,1,58,8.6,9:08,40.0
498,Matt Bradley,2008-09,WSH,R,R,81,5,6,11,-1,59,0.14,5,11,0,0,0,0,0,1,98,5.1,10:37,41.7
499,Benoit Pouliot,2008-09,MIN,L,L,37,5,6,11,+1,18,0.30,3,7,2,4,0,0,0,1,34,14.7,11:51,42.9
500,Toby Petersen,2008-09,DAL,L,C,57,4,7,11,+1,14,0.19,4,11,0,0,0,0,0,0,80,5.0,11:25,45.2
501,Greg Zanon,2008-09,NSH,L,D,82,4,7,11,+8,38,0.13,4,10,0,0,0,1,0,1,54,7.4,20:51,--
502,Mike Van Ryn,2008-09,TOR,R,D,27,3,8,11,+2,14,0.41,1,7,2,4,0,0,0,0,53,5.7,19:37,--
503,Ville Koistinen,2008-09,NSH,L,D,38,3,8,11,0,14,0.29,2,6,1,5,0,0,1,2,42,7.1,14:42,0.0
504,Max Pacioretty,2008-09,MTL,L,L,34,3,8,11,-3,27,0.32,2,8,1,3,0,0,0,0,57,5.3,12:37,50.0
505,Nick Schultz,2008-09,MIN,L,D,79,2,9,11,-4,31,0.14,2,9,0,0,0,2,0,0,48,4.2,20:33,0.0
506,Mike Komisarek,2008-09,MTL,R,D,66,2,9,11,0,121,0.17,2,9,0,0,0,2,0,0,56,3.6,20:37,--
507,Marcel Goc,2008-09,SJS,L,C,55,2,9,11,-6,18,0.20,2,11,0,0,0,0,0,1,104,1.9,13:55,58.3
508,Ken Klee,2008-09,"ANA,PHX",R,D,71,1,10,11,+9,28,0.15,1,11,0,0,0,0,0,0,51,2.0,15:26,--
509,Ossi Vaananen,2008-09,"PHI,VAN",L,D,49,1,10,11,+8,22,0.22,1,9,0,0,0,2,0,0,20,5.0,17:55,--
510,Ladislav Smid,2008-09,EDM,L,D,60,0,11,11,-6,57,0.18,0,11,0,0,0,0,0,0,33,0.0,14:57,--
511,Blair Betts,2008-09,NYR,L,C,81,6,4,10,-5,16,0.12,4,7,0,0,2,3,0,1,83,7.2,10:37,49.3
512,Radek Martinek,2008-09,NYI,R,D,51,6,4,10,-16,28,0.20,5,9,1,1,0,0,0,1,54,11.1,21:34,--
513,Shean Donovan,2008-09,OTT,R,R,65,5,5,10,-2,34,0.15,5,10,0,0,0,0,0,1,58,8.6,7:50,44.4
514,Jay Pandolfo,2008-09,NJD,L,L,61,5,5,10,-12,10,0.16,4,9,0,0,1,1,0,1,63,7.9,14:50,22.2
515,Adam Hall,2008-09,TBL,R,R,74,5,5,10,-9,29,0.14,4,8,1,2,0,0,0,0,90,5.6,11:12,50.0
516,George Parros,2008-09,ANA,R,R,74,5,5,10,+8,135,0.14,5,10,0,0,0,0,0,0,47,10.6,6:16,0.0
517,Eric Nystrom,2008-09,CGY,L,L,76,5,5,10,-7,89,0.13,4,7,0,0,1,3,0,3,83,6.0,9:16,37.9
518,Kevin Porter,2008-09,PHX,L,C,34,5,5,10,-2,4,0.29,4,8,1,2,0,0,0,2,39,12.8,13:38,29.5
519,Scott Nichol,2008-09,NSH,R,C,43,4,6,10,0,41,0.23,4,7,0,0,0,3,0,0,42,9.5,11:04,54.6
520,Drew Miller,2008-09,ANA,L,L,27,4,6,10,0,17,0.37,4,9,0,0,0,1,0,0,45,8.9,12:59,21.4
521,Aaron Ward,2008-09,BOS,R,D,65,3,7,10,+16,44,0.15,2,8,0,1,1,1,0,0,53,5.7,19:01,--
522,Chris Neil,2008-09,OTT,R,R,60,3,7,10,-13,146,0.17,3,10,0,0,0,0,0,0,59,5.1,10:58,16.7
523,Jassen Cullimore,2008-09,FLA,L,D,68,2,8,10,-10,37,0.15,2,9,0,1,0,0,0,0,52,3.9,16:48,--
524,Hal Gill,2008-09,PIT,L,D,62,2,8,10,+11,53,0.16,2,10,0,0,0,0,0,0,40,5.0,17:54,--
525,Andy Sutton,2008-09,NYI,L,D,23,2,8,10,+3,40,0.43,2,10,0,0,0,0,0,0,19,10.5,20:14,--
526,Anton Volchenkov,2008-09,OTT,L,D,68,2,8,10,-10,36,0.15,2,8,0,0,0,2,0,1,79,2.5,20:08,--
527,Niclas Wallin,2008-09,CAR,L,D,64,2,8,10,-1,42,0.16,2,10,0,0,0,0,1,1,53,3.8,16:16,0.0
528,Scott Hannan,2008-09,COL,L,D,81,1,9,10,-21,26,0.12,1,10,0,0,0,0,0,0,70,1.4,22:22,0.0
529,Adam Pardy,2008-09,CGY,L,D,60,1,9,10,+3,69,0.17,1,10,0,0,0,0,0,0,38,2.6,15:00,--
530,Shane O'Brien,2008-09,"TBL,VAN",L,D,77,0,10,10,+5,196,0.13,0,10,0,0,0,0,0,0,39,0.0,14:55,--
531,Adam Burish,2008-09,CHI,R,R,66,6,3,9,+3,93,0.14,6,9,0,0,0,0,0,2,83,7.2,9:12,39.5
532,Derek Armstrong,2008-09,LAK,R,C,56,5,4,9,-11,63,0.16,4,8,1,1,0,0,0,1,42,11.9,8:29,47.9
533,Francis Bouillon,2008-09,MTL,L,D,54,5,4,9,-7,53,0.17,5,8,0,0,0,1,0,1,51,9.8,16:30,--
534,Ville Leino,2008-09,DET,L,L,13,5,4,9,+5,6,0.69,5,9,0,0,0,0,0,1,17,29.4,12:42,58.3
535,Bobby Holik,2008-09,NJD,R,C,62,4,5,9,-2,66,0.15,4,8,0,1,0,0,0,1,79,5.1,10:11,59.3
536,Krys Barch,2008-09,DAL,L,R,72,4,5,9,+1,133,0.13,4,9,0,0,0,0,0,1,27,14.8,6:27,28.6
537,Mark Eaton,2008-09,PIT,L,D,68,4,5,9,+3,36,0.13,3,8,1,1,0,0,0,0,34,11.8,17:46,100.0
538,Joey Crabb,2008-09,ATL,R,R,29,4,5,9,-2,28,0.31,3,8,0,0,1,1,0,1,33,12.1,12:13,39.4
539,Freddy Meyer,2008-09,NYI,L,D,27,4,5,9,-19,14,0.33,4,8,0,0,0,1,0,1,36,11.1,21:00,--
540,Rostislav Olesz,2008-09,FLA,L,L,37,4,5,9,-5,8,0.24,4,8,0,1,0,0,0,0,69,5.8,13:12,20.0
541,Petteri Nokelainen,2008-09,"BOS,ANA",R,C,50,4,5,9,+2,16,0.18,3,8,0,0,1,1,0,0,56,7.1,11:15,53.4
542,Patrick Kaleta,2008-09,BUF,R,R,51,4,5,9,+1,89,0.18,4,9,0,0,0,0,0,0,35,11.4,8:55,20.0
543,Paul Szczechura,2008-09,TBL,R,C,31,4,5,9,-1,12,0.29,3,7,1,1,0,1,0,0,51,7.8,13:33,40.5
544,Philippe Boucher,2008-09,"DAL,PIT",R,D,41,3,6,9,+6,39,0.22,3,6,0,3,0,0,0,0,66,4.6,20:07,--
545,Mike Rupp,2008-09,NJD,L,L,72,3,6,9,-2,136,0.13,3,9,0,0,0,0,0,0,76,4.0,8:44,51.1
546,David Hale,2008-09,PHX,L,D,48,3,6,9,-11,36,0.19,3,9,0,0,0,0,0,0,22,13.6,15:08,--
547,Ryan Carter,2008-09,ANA,L,L,48,3,6,9,+3,52,0.19,3,8,0,1,0,0,0,1,40,7.5,9:06,48.0
548,Ryan Johnson,2008-09,VAN,L,C,62,2,7,9,+1,12,0.15,2,9,0,0,0,0,0,1,22,9.1,11:01,48.5
549,Jason Strudwick,2008-09,EDM,L,D,71,2,7,9,-4,60,0.13,2,8,0,0,0,1,0,0,32,6.3,12:38,--
550,Andy Greene,2008-09,NJD,L,D,49,2,7,9,+3,22,0.18,2,9,0,0,0,0,0,0,38,5.3,16:17,--
551,Rostislav Klesla,2008-09,CBJ,L,D,34,1,8,9,+2,38,0.26,1,7,0,2,0,0,0,0,30,3.3,20:59,0.0
552,Brendan Witt,2008-09,NYI,L,D,65,0,9,9,-34,94,0.14,0,8,0,0,0,1,0,0,52,0.0,20:18,50.0
553,Josef Melichar,2008-09,"CAR,TBL",L,D,39,0,9,9,0,37,0.23,0,9,0,0,0,0,0,0,19,0.0,13:46,--
554,Colin Stuart,2008-09,ATL,L,L,33,5,3,8,+3,18,0.24,2,4,0,0,3,4,0,0,54,9.3,12:29,41.7
555,Randy Jones,2008-09,PHI,L,D,47,4,4,8,+8,22,0.17,3,7,1,1,0,0,1,2,45,8.9,19:07,--
556,Aaron Johnson,2008-09,CHI,L,D,38,3,5,8,+19,33,0.21,3,8,0,0,0,0,0,1,27,11.1,14:09,--
557,Landon Wilson,2008-09,DAL,R,R,27,2,6,8,+5,21,0.30,2,8,0,0,0,0,0,0,34,5.9,9:14,0.0
558,Jay McKee,2008-09,STL,L,D,69,1,7,8,+11,44,0.12,1,7,0,0,0,1,0,1,43,2.3,17:19,0.0
559,Alexei Semenov,2008-09,SJS,L,D,47,1,7,8,+3,57,0.17,1,7,0,1,0,0,0,0,28,3.6,13:03,0.0
560,Frantisek Kaberle,2008-09,CAR,L,D,30,1,7,8,-4,8,0.27,0,5,1,3,0,0,0,0,28,3.6,14:03,--
561,Brad Lukowich,2008-09,SJS,L,D,58,0,8,8,+5,12,0.14,0,8,0,0,0,0,0,0,43,0.0,16:13,--
562,Robyn Regehr,2008-09,CGY,L,D,75,0,8,8,+10,73,0.11,0,8,0,0,0,0,0,0,79,0.0,21:09,--
563,Matt Lashoff,2008-09,"BOS,TBL",L,D,28,0,8,8,-6,20,0.29,0,4,0,4,0,0,0,0,25,0.0,17:41,--
564,Jeremy Williams,2008-09,TOR,R,R,11,5,2,7,+2,2,0.64,5,6,0,1,0,0,0,0,21,23.8,13:26,0.0
565,Gary Roberts,2008-09,TBL,L,L,30,4,3,7,-11,27,0.23,2,3,2,4,0,0,0,1,32,12.5,11:39,50.0
566,Jiri Novotny,2008-09,CBJ,R,C,42,4,3,7,+4,14,0.17,3,6,0,0,1,1,0,0,56,7.1,13:21,52.9
567,Byron Bitz,2008-09,BOS,R,R,35,4,3,7,0,18,0.20,4,6,0,1,0,0,0,0,31,12.9,10:22,42.0
568,Yan Stastny,2008-09,STL,L,C,34,3,4,7,-14,20,0.21,3,6,0,0,0,1,0,0,30,10.0,12:45,45.1
569,Tom Preissing,2008-09,LAK,R,D,22,3,4,7,-7,6,0.32,1,2,2,5,0,0,0,0,40,7.5,16:45,--
570,Daniel Winnik,2008-09,PHX,L,L,49,3,4,7,+1,63,0.14,3,7,0,0,0,0,0,0,66,4.6,13:04,37.0
571,Craig Adams,2008-09,"CHI,PIT",R,R,45,2,5,7,-3,22,0.16,1,6,1,1,0,0,0,0,47,4.3,8:41,38.1
572,Christian Backman,2008-09,CBJ,L,D,56,2,5,7,+5,32,0.13,1,5,1,2,0,0,1,1,54,3.7,15:39,0.0
573,Derek Meech,2008-09,DET,L,D,41,2,5,7,-12,12,0.17,2,6,0,1,0,0,0,0,44,4.6,10:03,0.0
574,Anthony Stewart,2008-09,FLA,R,R,59,2,5,7,-6,34,0.12,2,6,0,0,0,1,0,0,56,3.6,7:39,33.3
575,Peter Olvecky,2008-09,MIN,L,L,31,2,5,7,+1,12,0.23,2,5,0,2,0,0,0,1,19,10.5,8:55,39.9
576,Patric Hornqvist,2008-09,NSH,R,R,28,2,5,7,-3,16,0.25,2,6,0,1,0,0,0,0,54,3.7,11:24,20.0
577,Antti Pihlstrom,2008-09,NSH,L,L,53,2,5,7,-1,10,0.13,1,6,1,1,0,0,0,0,88,2.3,11:27,0.0
578,Colton Gillies,2008-09,MIN,L,C,45,2,5,7,-2,18,0.16,2,6,0,1,0,0,0,1,22,9.1,8:14,50.0
579,Adam Foote,2008-09,COL,R,D,42,1,6,7,-12,30,0.17,1,7,0,0,0,0,0,1,19,5.3,19:41,--
580,Brad May,2008-09,"ANA,TOR",L,L,58,1,6,7,0,89,0.12,1,7,0,0,0,0,0,0,32,3.1,7:16,25.0
581,Jonas Frogren,2008-09,TOR,L,D,41,1,6,7,0,28,0.17,1,6,0,0,0,1,0,0,12,8.3,13:26,0.0
582,Jim Vandermeer,2008-09,CGY,L,D,45,1,6,7,+1,108,0.16,1,7,0,0,0,0,0,0,31,3.2,16:01,--
583,Kurt Sauer,2008-09,PHX,L,D,68,1,6,7,-1,36,0.10,1,6,0,0,0,1,0,0,33,3.0,20:37,0.0
584,Nick Tarnasky,2008-09,"NSH,FLA",L,L,45,1,6,7,-1,50,0.16,1,7,0,0,0,0,0,0,38,2.6,7:20,0.0
585,Garnet Exelby,2008-09,ATL,L,D,59,0,7,7,-2,120,0.12,0,6,0,0,0,1,0,0,42,0.0,16:43,--
586,Douglas Murray,2008-09,SJS,L,D,75,0,7,7,+6,38,0.09,0,7,0,0,0,0,0,0,56,0.0,16:39,--
587,Mike Weaver,2008-09,STL,R,D,58,0,7,7,-3,12,0.12,0,5,0,0,0,2,0,0,36,0.0,17:16,--
588,Luca Sbisa,2008-09,PHI,L,D,39,0,7,7,-6,36,0.18,0,3,0,4,0,0,0,0,38,0.0,17:29,--
589,Jamie McGinn,2008-09,SJS,L,L,35,4,2,6,-6,2,0.17,3,5,1,1,0,0,0,1,27,14.8,8:55,85.7
590,Radim Vrbata,2008-09,TBL,R,R,18,3,3,6,-1,8,0.33,2,5,1,1,0,0,0,0,41,7.3,14:13,33.3
591,Krys Kolanos,2008-09,MIN,R,C,21,3,3,6,+3,16,0.29,2,4,1,2,0,0,0,0,30,10.0,10:36,51.3
592,Christoph Schubert,2008-09,OTT,L,D,50,3,3,6,-8,26,0.12,2,4,1,2,0,0,0,0,57,5.3,13:36,--
593,Jeff Hamilton,2008-09,TOR,R,C,15,3,3,6,+2,4,0.40,3,6,0,0,0,0,0,1,30,10.0,12:57,27.3
594,Steve Downie,2008-09,"PHI,TBL",R,R,29,3,3,6,-2,65,0.21,3,6,0,0,0,0,0,1,26,11.5,8:26,25.0
595,Kent Huskins,2008-09,ANA,L,D,33,2,4,6,+6,27,0.18,2,6,0,0,0,0,0,0,20,10.0,18:47,0.0
596,Michael Zigomanis,2008-09,PIT,R,C,22,2,4,6,-2,27,0.27,2,6,0,0,0,0,0,0,23,8.7,11:26,63.0
597,Nathan Paetsch,2008-09,BUF,L,D,23,2,4,6,+3,25,0.26,2,5,0,1,0,0,0,0,21,9.5,12:11,--
598,Keith Aucoin,2008-09,WSH,L,C,12,2,4,6,+5,4,0.50,1,5,1,1,0,0,0,0,15,13.3,10:19,39.8
599,Ryan Craig,2008-09,TBL,L,C,54,2,4,6,-7,60,0.11,2,6,0,0,0,0,0,0,64,3.1,10:16,49.6
600,Chris Butler,2008-09,BUF,L,D,47,2,4,6,+11,18,0.13,2,6,0,0,0,0,0,1,36,5.6,16:43,--
601,Bret Hedican,2008-09,ANA,L,D,51,1,5,6,-7,36,0.12,1,4,0,2,0,0,0,0,40,2.5,16:18,--
602,Chris Clark,2008-09,WSH,R,R,32,1,5,6,-3,32,0.19,1,5,0,1,0,0,0,0,36,2.8,11:34,50.0
603,Eric Brewer,2008-09,STL,L,D,28,1,5,6,-14,24,0.21,0,3,1,3,0,0,0,0,49,2.0,25:07,--
604,Kurtis Foster,2008-09,MIN,R,D,10,1,5,6,+7,6,0.60,1,4,0,2,0,0,0,0,10,10.0,13:35,--
605,Joel Lundqvist,2008-09,DAL,L,C,43,1,5,6,-9,20,0.14,1,6,0,0,0,0,0,1,32,3.1,10:49,38.2
606,Martins Karsums,2008-09,"BOS,TBL",R,R,24,1,5,6,-8,6,0.25,1,5,0,1,0,0,0,0,28,3.6,11:11,66.7
607,Brandon Sutter,2008-09,CAR,R,C,50,1,5,6,-1,16,0.12,1,6,0,0,0,0,0,0,57,1.8,8:50,38.6
608,Jack Hillen,2008-09,NYI,L,D,40,1,5,6,-9,16,0.15,1,5,0,0,0,1,0,0,47,2.1,15:13,--
609,Anssi Salmela,2008-09,"NJD,ATL",L,D,26,1,5,6,+1,8,0.23,0,5,1,1,0,0,0,0,41,2.4,15:59,--
610,Francois Beauchemin,2008-09,ANA,L,D,20,4,1,5,-3,12,0.25,4,4,0,1,0,0,1,2,45,8.9,24:54,--
611,Darcy Hordichuk,2008-09,VAN,L,L,73,4,1,5,+1,109,0.07,4,5,0,0,0,0,0,0,26,15.4,5:32,100.0
612,Brian Boyle,2008-09,LAK,L,C,28,4,1,5,-9,42,0.18,4,5,0,0,0,0,0,1,36,11.1,10:08,45.3
613,Derek Dorsett,2008-09,CBJ,R,R,52,4,1,5,-1,150,0.10,4,5,0,0,0,0,0,1,59,6.8,8:53,44.4
614,Cal O'Reilly,2008-09,NSH,L,C,11,3,2,5,+2,2,0.45,3,5,0,0,0,0,0,0,6,50.0,12:36,39.8
615,Andrew Hutchinson,2008-09,"TBL,DAL",R,D,40,2,3,5,-9,12,0.13,2,4,0,1,0,0,0,0,58,3.5,14:22,--
616,Greg De Vries,2008-09,NSH,L,D,71,1,4,5,-15,65,0.07,1,5,0,0,0,0,0,0,38,2.6,15:08,--
617,Dan Hinote,2008-09,STL,R,R,51,1,4,5,-7,64,0.10,1,3,0,1,0,1,0,0,24,4.2,10:55,47.3
618,Colton Orr,2008-09,NYR,R,R,82,1,4,5,-15,193,0.06,1,5,0,0,0,0,0,0,40,2.5,6:29,25.0
619,Tyler Sloan,2008-09,WSH,L,D,26,1,4,5,+4,14,0.19,1,5,0,0,0,0,0,0,8,12.5,16:39,--
620,Mike Iggulden,2008-09,NYI,R,C,11,1,4,5,-3,4,0.45,1,5,0,0,0,0,0,0,16,6.3,12:08,50.0
621,Vladimir Sobotka,2008-09,BOS,L,C,25,1,4,5,-10,10,0.20,1,5,0,0,0,0,0,0,19,5.3,10:33,57.7
622,Karl Alzner,2008-09,WSH,L,D,30,1,4,5,-1,2,0.17,1,5,0,0,0,0,0,0,31,3.2,19:25,--
623,Marek Malik,2008-09,TBL,L,D,42,0,5,5,-3,36,0.12,0,5,0,0,0,0,0,0,22,0.0,19:10,--
624,Ryan O'Byrne,2008-09,MTL,R,D,37,0,5,5,-7,58,0.14,0,5,0,0,0,0,0,0,14,0.0,15:06,--
625,Brad Richardson,2008-09,LAK,L,R,31,0,5,5,-6,11,0.16,0,5,0,0,0,0,0,0,37,0.0,10:48,54.7
626,Boris Valabik,2008-09,ATL,L,D,50,0,5,5,-14,132,0.10,0,5,0,0,0,0,0,0,16,0.0,15:15,--
627,Brett Festerling,2008-09,ANA,L,D,40,0,5,5,+5,18,0.13,0,5,0,0,0,0,0,0,15,0.0,16:40,--
628,Nikita Filatov,2008-09,CBJ,R,L,8,4,0,4,+3,0,0.50,4,4,0,0,0,0,0,1,10,40.0,8:08,--
629,Steve Regier,2008-09,STL,L,L,8,3,1,4,-1,4,0.50,1,2,2,2,0,0,0,0,11,27.3,10:59,42.9
630,TJ Galiardi,2008-09,COL,L,L,11,3,1,4,-4,6,0.36,3,4,0,0,0,0,0,0,14,21.4,16:21,42.1
631,Denis Gauthier,2008-09,LAK,L,D,65,2,2,4,-11,90,0.06,2,4,0,0,0,0,0,0,36,5.6,14:32,--
632,Daniel Tjarnqvist,2008-09,COL,L,D,37,2,2,4,+1,8,0.11,2,4,0,0,0,0,0,0,19,10.5,14:40,--
633,Jody Shelley,2008-09,SJS,L,L,70,2,2,4,-6,116,0.06,2,4,0,0,0,0,0,1,44,4.6,6:11,42.9
634,Eric Godard,2008-09,PIT,R,R,71,2,2,4,-3,171,0.06,2,4,0,0,0,0,0,0,20,10.0,4:04,100.0
635,Jason Jaffray,2008-09,VAN,L,L,14,2,2,4,-2,14,0.29,2,4,0,0,0,0,0,2,11,18.2,9:04,47.7
636,Steven Goertzen,2008-09,PHX,R,R,16,2,2,4,-2,24,0.25,2,4,0,0,0,0,0,0,18,11.1,9:42,50.0
637,Martin St Pierre,2008-09,BOS,L,C,14,2,2,4,-1,4,0.29,1,3,0,0,1,1,0,1,15,13.3,11:24,42.6
638,Nate Thompson,2008-09,NYI,L,C,43,2,2,4,-11,49,0.09,1,3,0,0,1,1,0,0,56,3.6,12:05,50.4
639,Lukas Kaspar,2008-09,SJS,R,L,13,2,2,4,0,8,0.31,2,3,0,1,0,0,0,1,14,14.3,9:08,0.0
640,Mike Brown,2008-09,"VAN,ANA",R,R,48,2,2,4,-7,145,0.08,2,4,0,0,0,0,0,2,44,4.6,8:08,0.0
641,Steve Wagner,2008-09,STL,L,D,22,2,2,4,-5,18,0.18,2,3,0,1,0,0,0,0,16,12.5,15:38,--
642,Donald Brashear,2008-09,WSH,L,L,63,1,3,4,-6,121,0.06,1,4,0,0,0,0,0,1,43,2.3,8:15,--
643,Brian Willsie,2008-09,COL,R,R,42,1,3,4,-6,14,0.10,1,4,0,0,0,0,0,0,59,1.7,11:47,33.7
644,Sheldon Brookbank,2008-09,"NJD,ANA",R,D,44,1,3,4,+4,76,0.09,1,4,0,0,0,0,0,0,30,3.3,12:08,--
645,Cam Janssen,2008-09,STL,R,R,56,1,3,4,-5,131,0.07,1,4,0,0,0,0,0,0,22,4.6,5:01,0.0
646,Jonathan Ericsson,2008-09,DET,L,D,19,1,3,4,-1,15,0.21,1,4,0,0,0,0,0,0,25,4.0,17:40,--
647,Andreas Nodl,2008-09,PHI,L,R,38,1,3,4,-15,2,0.11,1,4,0,0,0,0,0,0,33,3.0,11:09,--
648,Sergei Zubov,2008-09,DAL,R,D,10,0,4,4,-4,0,0.40,0,1,0,3,0,0,0,0,15,0.0,24:18,--
649,Wayne Primeau,2008-09,CGY,L,C,24,0,4,4,-3,14,0.17,0,4,0,0,0,0,0,0,22,0.0,10:23,53.0
650,John Erskine,2008-09,WSH,L,D,52,0,4,4,+1,63,0.08,0,3,0,0,0,1,0,0,50,0.0,16:48,--
651,Matt Smaby,2008-09,TBL,L,D,43,0,4,4,-11,50,0.09,0,4,0,0,0,0,0,0,28,0.0,19:05,100.0
652,Mark Fistric,2008-09,DAL,L,D,36,0,4,4,-1,42,0.11,0,4,0,0,0,0,0,0,35,0.0,15:57,--
653,Sami Lepisto,2008-09,WSH,L,D,7,0,4,4,-3,6,0.57,0,1,0,3,0,0,0,0,7,0.0,19:36,--
654,Ryan Parent,2008-09,PHI,L,D,31,0,4,4,+3,10,0.13,0,4,0,0,0,0,0,0,9,0.0,18:12,--
655,Jiri Tlusty,2008-09,TOR,L,L,14,0,4,4,0,0,0.29,0,4,0,0,0,0,0,0,22,0.0,12:42,33.3
656,Andre Roy,2008-09,CGY,L,R,44,3,0,3,-1,83,0.07,3,3,0,0,0,0,0,1,26,11.5,5:29,100.0
657,Rick Rypien,2008-09,VAN,R,C,12,3,0,3,-3,19,0.25,2,2,0,0,1,1,0,0,16,18.8,9:20,50.0
658,Joel Perrault,2008-09,PHX,R,C,7,2,1,3,+2,4,0.43,2,2,0,1,0,0,0,0,15,13.3,12:52,44.7
659,Cam Paddock,2008-09,STL,R,C,16,2,1,3,-4,0,0.19,2,3,0,0,0,0,0,0,17,11.8,10:41,46.0
660,Gilbert Brule,2008-09,EDM,R,C,11,2,1,3,-3,12,0.27,2,3,0,0,0,0,0,1,13,15.4,9:52,80.0
661,Bill Thomas,2008-09,PIT,R,R,16,2,1,3,-4,2,0.19,1,2,0,0,1,1,0,0,17,11.8,9:31,51.5
662,Brian Pothier,2008-09,WSH,L,D,9,1,2,3,0,4,0.33,1,2,0,1,0,0,0,1,8,12.5,16:35,--
663,Craig Weller,2008-09,MIN,R,R,36,1,2,3,-3,47,0.08,0,2,1,1,0,0,0,0,27,3.7,6:57,0.0
664,Josh Gratton,2008-09,PHI,L,L,19,1,2,3,-2,57,0.16,1,3,0,0,0,0,0,0,14,7.1,6:14,--
665,Thomas Pock,2008-09,NYI,L,D,59,1,2,3,-17,35,0.05,1,2,0,0,0,1,0,0,51,2.0,12:42,--
666,Chris Minard,2008-09,PIT,L,L,20,1,2,3,0,4,0.15,1,3,0,0,0,0,0,1,33,3.0,9:25,100.0
667,Brandon Prust,2008-09,"CGY,PHX",L,L,36,1,2,3,-8,108,0.08,1,3,0,0,0,0,0,1,23,4.4,7:28,54.8
668,Janne Niskala,2008-09,TBL,L,D,6,1,2,3,0,6,0.50,0,2,1,1,0,0,0,0,10,10.0,13:42,--
669,Brad Staubitz,2008-09,SJS,R,R,35,1,2,3,0,76,0.09,1,3,0,0,0,0,0,1,22,4.6,6:13,0.0
670,Niklas Hjalmarsson,2008-09,CHI,L,D,21,1,2,3,+4,0,0.14,1,2,0,0,0,1,0,0,15,6.7,14:59,--
671,Tom Wandell,2008-09,DAL,L,C,14,1,2,3,-1,4,0.21,1,3,0,0,0,0,0,0,23,4.4,11:09,51.3
672,Trevor Lewis,2008-09,LAK,R,C,6,1,2,3,0,0,0.50,1,3,0,0,0,0,0,0,10,10.0,11:36,25.0
673,Jesse Joensuu,2008-09,NYI,L,L,7,1,2,3,-1,4,0.43,1,2,0,1,0,0,0,0,9,11.1,12:06,--
674,Dustin Jeffrey,2008-09,PIT,L,L,14,1,2,3,+4,0,0.21,1,3,0,0,0,0,0,0,18,5.6,10:47,41.8
675,Jon Kalinski,2008-09,PHI,L,L,12,1,2,3,-2,0,0.25,1,3,0,0,0,0,0,1,7,14.3,7:37,45.7
676,Bryan Helmer,2008-09,WSH,R,D,12,0,3,3,-1,2,0.25,0,2,0,1,0,0,0,0,8,0.0,16:36,--
677,Chris Gratton,2008-09,"TBL,CBJ",L,C,24,0,3,3,-1,12,0.13,0,3,0,0,0,0,0,0,20,0.0,10:32,58.5
678,Riley Cote,2008-09,PHI,L,L,63,0,3,3,-7,174,0.05,0,3,0,0,0,0,0,0,24,0.0,4:10,--
679,Richard Petiot,2008-09,TBL,L,D,11,0,3,3,+5,21,0.27,0,3,0,0,0,0,0,0,10,0.0,20:37,--
680,Derek Boogaard,2008-09,MIN,L,L,51,0,3,3,+3,87,0.06,0,3,0,0,0,0,0,0,13,0.0,5:00,--
681,Ryan Potulny,2008-09,EDM,L,C,8,0,3,3,+2,0,0.38,0,3,0,0,0,0,0,0,9,0.0,10:29,10.0
682,Tyson Strachan,2008-09,STL,R,D,30,0,3,3,+8,39,0.10,0,3,0,0,0,0,0,0,21,0.0,13:26,--
683,Kyle Chipchura,2008-09,MTL,L,C,13,0,3,3,-6,5,0.23,0,3,0,0,0,0,0,0,5,0.0,10:18,43.9
684,Rob Schremp,2008-09,EDM,L,C,4,0,3,3,+2,2,0.75,0,3,0,0,0,0,0,0,3,0.0,13:35,50.0
685,Matt Pelech,2008-09,CGY,R,R,5,0,3,3,+1,9,0.60,0,3,0,0,0,0,0,0,4,0.0,13:16,--
686,Vladimir Mihalik,2008-09,TBL,L,D,11,0,3,3,-3,6,0.27,0,3,0,0,0,0,0,0,7,0.0,13:24,--
687,Davis Drewiske,2008-09,LAK,L,D,17,0,3,3,+1,18,0.18,0,2,0,1,0,0,0,0,21,0.0,17:19,--
688,Mike Sillinger,2008-09,NYI,R,C,7,2,0,2,-5,0,0.29,1,1,1,1,0,0,0,0,14,14.3,14:08,58.2
689,Dan Lacouture,2008-09,CAR,L,L,11,2,0,2,-1,10,0.18,2,2,0,0,0,0,0,1,4,50.0,4:16,40.0
690,Raitis Ivanans,2008-09,LAK,L,L,76,2,0,2,-8,145,0.03,2,2,0,0,0,0,0,2,25,8.0,6:22,--
691,Steve MacIntyre,2008-09,EDM,L,L,22,2,0,2,-2,40,0.09,2,2,0,0,0,0,0,1,6,33.3,3:55,--
692,Michal Repik,2008-09,FLA,R,R,5,2,0,2,+1,2,0.40,2,2,0,0,0,0,0,0,7,28.6,7:32,100.0
693,Brent Sopel,2008-09,CHI,R,D,23,1,1,2,-4,8,0.09,1,2,0,0,0,0,0,1,15,6.7,13:49,--
694,Craig MacDonald,2008-09,CBJ,L,C,8,1,1,2,+1,0,0.25,1,2,0,0,0,0,0,1,6,16.7,10:39,36.4
695,Aaron Downey,2008-09,DET,R,R,4,1,1,2,0,7,0.50,1,2,0,0,0,0,0,0,2,50.0,5:13,--
696,Alexandre Giroux,2008-09,WSH,L,L,12,1,1,2,+4,10,0.17,1,2,0,0,0,0,0,1,20,5.0,10:34,0.0
697,David Koci,2008-09,"TBL,STL,TBL",L,L,37,1,1,2,+1,141,0.05,1,2,0,0,0,0,0,0,13,7.7,5:57,--
698,Erik Reitz,2008-09,"MIN,NYR",R,D,42,1,1,2,-6,65,0.05,1,2,0,0,0,0,0,0,22,4.6,9:58,--
699,Noah Welch,2008-09,"FLA,TBL",L,D,40,1,1,2,-9,25,0.05,1,2,0,0,0,0,0,0,22,4.6,10:56,--
700,Tom Cavanagh,2008-09,SJS,L,R,17,1,1,2,-2,4,0.12,1,2,0,0,0,0,0,0,9,11.1,7:44,45.6
701,Dwight Helminen,2008-09,CAR,L,C,23,1,1,2,-2,0,0.09,1,2,0,0,0,0,0,0,15,6.7,6:50,46.6
702,Corey Potter,2008-09,NYR,R,D,5,1,1,2,-1,0,0.40,1,2,0,0,0,0,0,0,4,25.0,13:15,--
703,Chris Porter,2008-09,STL,L,L,6,1,1,2,-1,0,0.33,1,2,0,0,0,0,0,0,7,14.3,10:32,33.3
704,Peter Regin,2008-09,OTT,L,C,11,1,1,2,0,2,0.18,1,2,0,0,0,0,0,1,7,14.3,10:32,53.3
705,Mark Mancari,2008-09,BUF,R,R,7,1,1,2,-4,4,0.29,1,1,0,1,0,0,0,0,21,4.8,13:16,57.1
706,Phil Oreskovic,2008-09,TOR,R,D,10,1,1,2,-2,21,0.20,1,2,0,0,0,0,0,0,12,8.3,16:14,--
707,Sean Collins,2008-09,WSH,R,D,15,1,1,2,+1,12,0.13,1,2,0,0,0,0,0,0,14,7.1,14:32,--
708,Christian Hanson,2008-09,TOR,R,C,5,1,1,2,-1,2,0.40,1,2,0,0,0,0,0,0,9,11.1,16:19,25.0
709,Jamie Heward,2008-09,TBL,R,D,13,0,2,2,-1,4,0.15,0,0,0,2,0,0,0,0,11,0.0,11:49,--
710,Wade Belak,2008-09,"FLA,NSH",R,R,53,0,2,2,-1,79,0.04,0,2,0,0,0,0,0,0,19,0.0,5:15,--
711,Georges Laraque,2008-09,MTL,R,R,33,0,2,2,-6,61,0.06,0,2,0,0,0,0,0,0,15,0.0,7:39,0.0
712,Rob Davison,2008-09,VAN,L,D,23,0,2,2,-4,51,0.09,0,2,0,0,0,0,0,0,15,0.0,10:05,--
713,Michael Ryan,2008-09,CAR,L,C,18,0,2,2,-3,2,0.11,0,2,0,0,0,0,0,0,24,0.0,8:12,16.7
714,Jeff Taffe,2008-09,PIT,L,L,8,0,2,2,-4,2,0.25,0,0,0,2,0,0,0,0,5,0.0,8:30,52.5
715,Ryan Hollweg,2008-09,TOR,L,L,25,0,2,2,-7,38,0.08,0,2,0,0,0,0,0,0,12,0.0,6:28,33.3
716,Joe Callahan,2008-09,NYI,R,D,18,0,2,2,+5,4,0.11,0,2,0,0,0,0,0,0,6,0.0,15:00,0.0
717,David Van Der Gulik,2008-09,CGY,L,L,6,0,2,2,-1,0,0.33,0,2,0,0,0,0,0,0,11,0.0,8:29,0.0
718,Lasse Kukkonen,2008-09,PHI,L,D,22,0,2,2,-2,10,0.09,0,2,0,0,0,0,0,0,10,0.0,10:43,0.0
719,Bryan Rodney,2008-09,CAR,R,D,8,0,2,2,-3,2,0.25,0,0,0,2,0,0,0,0,3,0.0,12:38,--
720,Garrett Stafford,2008-09,DAL,R,D,3,0,2,2,0,0,0.67,0,2,0,0,0,0,0,0,5,0.0,18:00,--
721,Mike Lundin,2008-09,TBL,L,D,25,0,2,2,-4,4,0.08,0,2,0,0,0,0,0,0,8,0.0,16:39,0.0
722,Brendan Mikkelson,2008-09,ANA,L,D,34,0,2,2,0,17,0.06,0,2,0,0,0,0,0,0,19,0.0,13:56,--
723,Ilya Zubov,2008-09,OTT,L,C,10,0,2,2,-1,0,0.20,0,1,0,1,0,0,0,0,11,0.0,10:17,0.0
724,Jaime Sifers,2008-09,TOR,R,D,23,0,2,2,-4,18,0.09,0,1,0,1,0,0,0,0,25,0.0,12:50,--
725,Shawn Matthias,2008-09,FLA,L,L,16,0,2,2,-3,2,0.13,0,2,0,0,0,0,0,0,11,0.0,9:10,50.6
726,Ivan Vishnevskiy,2008-09,DAL,L,D,3,0,2,2,+1,2,0.67,0,0,0,2,0,0,0,0,9,0.0,19:33,--
727,Tim Wallace,2008-09,PIT,R,R,16,0,2,2,+2,7,0.13,0,2,0,0,0,0,0,0,17,0.0,8:07,66.7
728,Jason Smith,2008-09,OTT,R,D,63,1,0,1,-3,47,0.02,1,1,0,0,0,0,1,1,53,1.9,17:32,0.0
729,Darren McCarty,2008-09,DET,R,R,13,1,0,1,-2,25,0.08,1,1,0,0,0,0,0,0,6,16.7,5:17,40.0
730,Jason Krog,2008-09,VAN,R,C,4,1,0,1,0,2,0.25,0,0,1,1,0,0,0,0,5,20.0,10:14,58.3
731,Warren Peters,2008-09,CGY,L,C,16,1,0,1,-2,12,0.06,1,1,0,0,0,0,0,0,13,7.7,7:05,58.0
732,Wade Brookbank,2008-09,CAR,L,D,27,1,0,1,0,40,0.04,1,1,0,0,0,0,0,0,8,12.5,2:30,--
733,Patrick Dwyer,2008-09,CAR,R,R,13,1,0,1,-2,0,0.08,1,1,0,0,0,0,0,0,9,11.1,8:34,41.7
734,Joe Motzko,2008-09,ATL,R,R,6,1,0,1,+1,0,0.17,1,1,0,0,0,0,0,0,8,12.5,11:39,33.3
735,Petr Vrana,2008-09,NJD,L,L,16,1,0,1,-4,2,0.06,1,1,0,0,0,0,0,0,6,16.7,6:54,41.7
736,Jean-Francois Jacques,2008-09,EDM,L,L,7,1,0,1,0,9,0.14,1,1,0,0,0,0,0,0,3,33.3,7:22,--
737,Brett Sterling,2008-09,ATL,L,L,6,1,0,1,-3,2,0.17,1,1,0,0,0,0,0,0,11,9.1,13:53,--
738,Matt Moulson,2008-09,LAK,L,L,7,1,0,1,-4,2,0.14,1,1,0,0,0,0,0,1,6,16.7,14:30,--
739,Chris Bourque,2008-09,WSH,L,L,8,1,0,1,0,0,0.13,1,1,0,0,0,0,0,0,11,9.1,9:46,--
740,Raymond Sawada,2008-09,DAL,R,R,5,1,0,1,-1,0,0.20,1,1,0,0,0,0,0,0,2,50.0,8:42,--
741,Jack Skille,2008-09,CHI,R,R,8,1,0,1,-3,5,0.13,1,1,0,0,0,0,0,0,14,7.1,9:26,--
742,Niclas Bergfors,2008-09,NJD,R,R,8,1,0,1,-1,0,0.13,1,1,0,0,0,0,0,0,6,16.7,5:48,--
743,Brett Sutter,2008-09,CGY,L,L,4,1,0,1,-2,2,0.25,1,1,0,0,0,0,0,0,6,16.7,8:04,0.0
744,Kurtis McLean,2008-09,NYI,R,R,4,1,0,1,+1,0,0.25,1,1,0,0,0,0,0,1,5,20.0,10:34,0.0
745,Tim Stapleton,2008-09,TOR,R,C,4,1,0,1,-3,0,0.25,1,1,0,0,0,0,0,0,9,11.1,15:06,20.0
746,Trevor Smith,2008-09,NYI,L,C,7,1,0,1,-3,0,0.14,1,1,0,0,0,0,0,0,7,14.3,11:48,66.7
747,Luca Caputi,2008-09,PIT,L,L,5,1,0,1,-1,4,0.20,1,1,0,0,0,0,0,0,7,14.3,10:16,--
748,Claude Lemieux,2008-09,SJS,R,R,18,0,1,1,-5,21,0.06,0,1,0,0,0,0,0,0,17,0.0,7:40,21.4
749,Trent Whitfield,2008-09,STL,L,C,3,0,1,1,+2,0,0.33,0,1,0,0,0,0,0,0,4,0.0,11:03,73.1
750,Bryan Allen,2008-09,FLA,L,D,2,0,1,1,+2,0,0.50,0,1,0,0,0,0,0,0,5,0.0,27:11,--
751,Andrew Peters,2008-09,BUF,L,L,28,0,1,1,-2,81,0.04,0,1,0,0,0,0,0,0,10,0.0,4:01,0.0
752,Jay Leach,2008-09,NJD,L,D,24,0,1,1,0,21,0.04,0,1,0,0,0,0,0,0,5,0.0,14:50,--
753,Doug Janik,2008-09,"DAL,MTL",L,D,15,0,1,1,-3,4,0.07,0,1,0,0,0,0,0,0,1,0.0,10:18,--
754,Lawrence Nycholat,2008-09,"VAN,COL",L,D,19,0,1,1,+1,6,0.05,0,1,0,0,0,0,0,0,9,0.0,9:55,--
755,Jay Harrison,2008-09,TOR,L,D,7,0,1,1,-2,10,0.14,0,1,0,0,0,0,0,0,6,0.0,17:16,--
756,Brandon Bochenski,2008-09,TBL,R,R,7,0,1,1,-3,2,0.14,0,1,0,0,0,0,0,0,11,0.0,10:47,--
757,Tomas Mojzis,2008-09,MIN,L,D,4,0,1,1,-1,2,0.25,0,0,0,1,0,0,0,0,2,0.0,7:15,--
758,Zenon Konopka,2008-09,TBL,L,C,7,0,1,1,-1,29,0.14,0,1,0,0,0,0,0,0,6,0.0,7:01,68.0
759,Jeff Hoggan,2008-09,PHX,L,R,4,0,1,1,-1,7,0.25,0,1,0,0,0,0,0,0,7,0.0,12:00,0.0
760,Tim Conboy,2008-09,CAR,R,D,28,0,1,1,-1,37,0.04,0,1,0,0,0,0,0,0,13,0.0,5:21,--
761,John Zeiler,2008-09,LAK,R,R,27,0,1,1,-2,42,0.04,0,1,0,0,0,0,0,0,3,0.0,6:33,60.0
762,Ole-Kristian Tollefsen,2008-09,CBJ,L,D,19,0,1,1,-4,37,0.05,0,1,0,0,0,0,0,0,12,0.0,10:20,--
763,DJ King,2008-09,STL,L,L,1,0,1,1,0,0,1.00,0,1,0,0,0,0,0,0,0,--,8:20,--
764,Andre Deveaux,2008-09,TOR,R,C,21,0,1,1,-3,75,0.05,0,1,0,0,0,0,0,0,15,0.0,7:14,28.6
765,Aaron Rome,2008-09,CBJ,L,D,8,0,1,1,+1,0,0.13,0,1,0,0,0,0,0,0,7,0.0,15:28,--
766,Jeremy Colliton,2008-09,NYI,R,C,6,0,1,1,-2,2,0.17,0,1,0,0,0,0,0,0,4,0.0,11:03,64.3
767,Paul Bissonnette,2008-09,PIT,L,L,15,0,1,1,-1,22,0.07,0,1,0,0,0,0,0,0,4,0.0,3:31,--
768,Alexandre Bolduc,2008-09,VAN,L,C,7,0,1,1,+1,4,0.14,0,1,0,0,0,0,0,0,7,0.0,7:20,38.5
769,Nathan McIver,2008-09,ANA,L,D,18,0,1,1,+2,36,0.06,0,1,0,0,0,0,0,0,5,0.0,9:24,--
770,Alexandre Picard,2008-09,CBJ,L,L,15,0,1,1,-1,26,0.07,0,1,0,0,0,0,0,0,10,0.0,6:53,--
771,Pierre-Luc Letourneau-Leblond,2008-09,NJD,L,R,8,0,1,1,+3,22,0.13,0,1,0,0,0,0,0,0,3,0.0,4:51,--
772,Gregory Stewart,2008-09,MTL,L,L,20,0,1,1,-4,32,0.05,0,1,0,0,0,0,0,0,16,0.0,8:37,100.0
773,Jakub Petruzalek,2008-09,CAR,R,C,2,0,1,1,+1,0,0.50,0,1,0,0,0,0,0,0,0,--,8:05,57.1
774,Radek Smolenak,2008-09,TBL,L,L,6,0,1,1,+1,10,0.17,0,1,0,0,0,0,0,0,14,0.0,8:21,--
775,Ray Macias,2008-09,COL,R,D,6,0,1,1,0,0,0.17,0,0,0,1,0,0,0,0,4,0.0,17:59,--
776,Darren Helm,2008-09,DET,L,C,16,0,1,1,-7,4,0.06,0,1,0,0,0,0,0,0,29,0.0,12:26,56.1
777,Brian Salcido,2008-09,ANA,L,D,2,0,1,1,+2,0,0.50,0,1,0,0,0,0,0,0,1,0.0,12:18,--
778,Nathan Gerbe,2008-09,BUF,L,C,10,0,1,1,+3,4,0.10,0,0,0,1,0,0,0,0,24,0.0,13:37,100.0
779,Clay Wilson,2008-09,"CBJ,ATL",L,D,7,0,1,1,-3,0,0.14,0,0,0,1,0,0,0,0,13,0.0,11:17,--
780,Kevin Quick,2008-09,TBL,L,D,6,0,1,1,0,0,0.17,0,0,0,1,0,0,0,0,7,0.0,13:23,--
781,Ty Wishart,2008-09,TBL,L,D,5,0,1,1,0,0,0.20,0,1,0,0,0,0,0,0,2,0.0,10:07,--
782,David Schlemko,2008-09,PHX,L,D,3,0,1,1,-2,0,0.33,0,0,0,1,0,0,0,0,3,0.0,19:16,--
783,John Scott,2008-09,MIN,L,L,20,0,1,1,-1,21,0.05,0,1,0,0,0,0,0,0,6,0.0,9:14,--
784,John Negrin,2008-09,CGY,L,D,3,0,1,1,-2,2,0.33,0,1,0,0,0,0,0,0,3,0.0,9:59,--
785,Matt Halischuk,2008-09,NJD,R,R,1,0,1,1,-1,0,1.00,0,1,0,0,0,0,0,0,0,--,9:47,--
786,Yannick Weber,2008-09,MTL,R,D,3,0,1,1,-1,2,0.33,0,0,0,1,0,0,0,0,6,0.0,15:06,--
787,Joel Rechlicz,2008-09,NYI,R,R,17,0,1,1,-1,68,0.06,0,1,0,0,0,0,0,0,7,0.0,4:52,--
788,Alex Pietrangelo,2008-09,STL,R,D,8,0,1,1,0,2,0.13,0,0,0,1,0,0,0,0,7,0.0,16:31,--
789,Chris Chelios,2008-09,DET,R,D,28,0,0,0,+1,18,0.00,0,0,0,0,0,0,0,0,14,0.0,11:40,--
790,Luke Richardson,2008-09,OTT,L,D,2,0,0,0,-3,2,0.00,0,0,0,0,0,0,0,0,0,--,12:45,--
791,Boyd Kane,2008-09,PHI,L,L,1,0,0,0,0,0,0.00,0,0,0,0,0,0,0,0,0,--,8:12,--
792,Jesse Boulerice,2008-09,EDM,R,R,2,0,0,0,0,0,0.00,0,0,0,0,0,0,0,0,0,--,3:43,--
793,Jason Ward,2008-09,TBL,R,R,1,0,0,0,0,2,0.00,0,0,0,0,0,0,0,0,1,0.0,9:31,--
794,Quintin Laing,2008-09,WSH,L,L,1,0,0,0,+1,0,0.00,0,0,0,0,0,0,0,0,2,0.0,10:19,--
795,Mike York,2008-09,CBJ,R,L,1,0,0,0,0,0,0.00,0,0,0,0,0,0,0,0,1,0.0,13:15,--
796,Alex Henry,2008-09,MTL,L,D,2,0,0,0,-2,10,0.00,0,0,0,0,0,0,0,0,0,--,6:34,--
797,Matt Carkner,2008-09,OTT,R,D,1,0,0,0,0,0,0.00,0,0,0,0,0,0,0,0,0,--,4:08,--
798,Dan Jancevski,2008-09,DAL,L,D,3,0,0,0,0,0,0.00,0,0,0,0,0,0,0,0,4,0.0,15:20,--
799,Brian McGrattan,2008-09,PHX,R,R,5,0,0,0,-2,22,0.00,0,0,0,0,0,0,0,0,2,0.0,5:31,--
800,Derek MacKenzie,2008-09,CBJ,L,C,1,0,0,0,-1,2,0.00,0,0,0,0,0,0,0,0,1,0.0,7:15,50.0
